,dataset,topic_id,subtopic_id,type,R_MUC,P_MUC,F1_MUC,R_B3,P_B3,F1_B3,R_CEAF_E,P_CEAF_E,F1_CEAF_E,F1_CONLL
NewsWCL50\\4\,NewsWCL50,,4,,70.82,93.2,80.48,38.87,88.66,54.05,67.55,13.09,21.94,52.157
NewsWCL50\\5\,NewsWCL50,,5,,69.23,95.03,80.1,35.92,87.95,51.01,72.05,14.02,23.48,51.53
NewsWCL50\\6\,NewsWCL50,,6,,63.93,90.44,74.91,20.15,89.35,32.88,71.91,10.78,18.76,42.183
NewsWCL50\\7\,NewsWCL50,,7,,70.12,88.84,78.38,34.07,82.86,48.29,68.14,15.96,25.87,50.847
NewsWCL50\\8\,NewsWCL50,,8,,78.03,96.03,86.1,42.37,93.94,58.4,73.91,17.62,28.46,57.653
NewsWCL50\\9\,NewsWCL50,,9,,67.95,92.94,78.51,41.51,93.21,57.44,68.84,11.73,20.05,52
NewsWCL50\\4\entity,NewsWCL50,,4,entity,77.94,93.7,85.1,45.07,87.88,59.58,71.76,19.25,30.36,58.347
NewsWCL50\\4\event,NewsWCL50,,4,event,39.83,92.45,55.68,11.4,94.53,20.35,40.28,2.68,5.03,27.02
NewsWCL50\\5\entity,NewsWCL50,,5,entity,75,95.45,84,38.77,94.93,55.06,78.52,23.45,36.12,58.393
NewsWCL50\\5\event,NewsWCL50,,5,event,61.57,95.12,74.76,31.92,79.14,45.49,47.39,3.89,7.19,42.48
NewsWCL50\\6\entity,NewsWCL50,,6,entity,71.06,93.94,80.91,24.09,91.36,38.13,76.45,15.19,25.35,48.13
NewsWCL50\\6\event,NewsWCL50,,6,event,38,79.16,51.35,5.23,87.38,9.88,22.3,0.82,1.59,20.94
NewsWCL50\\7\entity,NewsWCL50,,7,entity,78.22,91.72,84.43,40.58,85.06,54.95,74.19,24.04,36.31,58.563
NewsWCL50\\7\event,NewsWCL50,,7,event,41.42,85.29,55.76,10.41,91.89,18.71,36.15,2.78,5.16,26.543
NewsWCL50\\8\entity,NewsWCL50,,8,entity,83.82,95.98,89.49,51.53,92.86,66.28,76.48,28.55,41.58,65.783
NewsWCL50\\8\event,NewsWCL50,,8,event,64.33,98.05,77.69,19.52,98.28,32.57,49.99,2.63,4.99,38.417
NewsWCL50\\9\entity,NewsWCL50,,9,entity,76,93.89,84,50.18,93.82,65.39,72.62,18.15,29.04,59.477
NewsWCL50\\9\event,NewsWCL50,,9,event,38.98,97.87,55.75,9.1,98.67,16.67,35.59,1.44,2.77,25.063
NewsWCL50//mean/,NewsWCL50,,mean,,70.01333333,92.74666667,79.74666667,35.48166667,89.32833333,50.345,70.4,13.86666667,23.09333333,51.06166667
NewsWCL50//mean/event,NewsWCL50,,mean,event,47.355,91.32333333,61.83166667,14.59666667,91.64833333,23.945,38.61666667,2.373333333,4.455,30.07716667
NewsWCL50//mean/entity,NewsWCL50,,mean,entity,77.00666667,94.11333333,84.655,41.70333333,90.985,56.565,75.00333333,21.43833333,33.12666667,58.1155
MEANTIME\\112579\,MEANTIME,,112579,,63.63,87.5,73.68,59.04,91.66,71.82,79.92,55.94,65.81,70.437
MEANTIME\\113219\,MEANTIME,,113219,,50,60,54.54,71.05,80.17,75.33,71.16,61.88,66.2,65.357
MEANTIME\\113227\,MEANTIME,,113227,,62.5,83.33,71.42,75.98,89.01,81.98,80.83,66.13,72.75,75.383
MEANTIME\\113267\,MEANTIME,,113267,,28.57,100,44.44,47.22,100,64.15,76.66,38.33,51.11,53.233
MEANTIME\\113278\,MEANTIME,,113278,,56.25,64.28,60,79.38,82.36,80.84,75.54,69.24,72.25,71.03
MEANTIME\\113330\,MEANTIME,,113330,,36.36,44.44,39.99,67.36,76.38,71.59,57.43,49.77,53.33,54.97
MEANTIME\\114565\,MEANTIME,,114565,,36.36,50,42.1,60.31,78.09,68.06,64.66,49.74,56.23,55.463
MEANTIME\\114613\,MEANTIME,,114613,,50,66.66,57.14,63.7,79.01,70.53,76.08,55.79,64.37,64.013
MEANTIME\\114719\,MEANTIME,,114719,,38.46,55.55,45.45,60.86,76.81,67.91,65.66,46.9,54.72,56.027
MEANTIME\\114864\,MEANTIME,,114864,,50,57.14,53.33,78.57,80,79.27,71.06,65.98,68.43,67.01
MEANTIME\\114904\,MEANTIME,,114904,,47.05,72.72,57.14,39.85,85.5,54.36,54.99,27.49,36.66,49.387
MEANTIME\\115064\,MEANTIME,,115064,,45,69.23,54.54,61.27,85.29,71.31,78.09,52.06,62.47,62.773
MEANTIME\\115587\,MEANTIME,,115587,,25,40,30.76,64.81,83.33,72.91,66.33,51.02,57.68,53.783
MEANTIME\\115711\,MEANTIME,,115711,,60,100,74.99,69.74,100,82.17,86.4,55.91,67.89,75.017
MEANTIME\\116834\,MEANTIME,,116834,,66.66,100,80,76.94,100,86.97,91.98,68.98,78.84,81.937
MEANTIME\\121225\,MEANTIME,,121225,,35.29,60,44.44,40.27,79.86,53.54,70,35,46.66,48.213
MEANTIME\\121416\,MEANTIME,,121416,,12.5,20,15.38,54.16,72.91,62.15,72.91,53.03,61.4,46.31
MEANTIME\\121978\,MEANTIME,,121978,,53.84,100,70,67.7,100,80.74,87.77,54.86,67.52,72.753
MEANTIME\\122475\,MEANTIME,,122475,,14.28,33.33,20,65.26,87.71,74.84,86.11,64.58,73.8,56.213
MEANTIME\\124259\,MEANTIME,,124259,,40,75,52.17,57.31,92.59,70.8,78.05,49.29,60.43,61.133
MEANTIME\\131162\,MEANTIME,,131162,,50,62.5,55.55,73.03,84.84,78.49,73.33,62.85,67.69,67.243
MEANTIME\\141225\,MEANTIME,,141225,,71.42,100,83.33,76.92,100,86.95,96.66,72.5,82.85,84.377
MEANTIME\\141483\,MEANTIME,,141483,,44.44,88.88,59.25,41.66,94.23,57.78,75.1,35.34,48.06,55.03
MEANTIME\\180695\,MEANTIME,,180695,,47.05,66.66,55.17,57.85,84.52,68.69,79.54,54.68,64.81,62.89
MEANTIME\\251007\,MEANTIME,,251007,,66.66,80,72.72,84.31,92.15,88.06,89.09,81.66,85.21,81.997
MEANTIME\\61327\,MEANTIME,,61327,,40,80,53.33,69.04,95.23,80.05,87.87,60.41,71.6,68.327
MEANTIME\\62405\,MEANTIME,,62405,,66.66,80,72.72,81.41,91.02,85.94,84.69,74.1,79.04,79.233
MEANTIME\\76437\,MEANTIME,,76437,,45.45,83.33,58.82,65.83,95.65,77.99,77.22,54.5,63.9,66.903
MEANTIME\\82738\,MEANTIME,,82738,,71.42,71.42,71.42,87.5,84.37,85.9,79.89,79.89,79.89,79.07
MEANTIME\\96770\,MEANTIME,,96770,,70,100,82.35,86.11,100,92.53,93.8,77.25,84.73,86.537
MEANTIME\\112579\entity,MEANTIME,,112579,entity,71.42,83.33,76.92,64.83,88.46,74.82,80.74,69.2,74.52,75.42
MEANTIME\\112579\event,MEANTIME,,112579,event,50,100,66.66,43.99,100,61.11,75,25,37.5,55.09
MEANTIME\\113219\entity,MEANTIME,,113219,entity,53.33,66.66,59.25,69.04,81.42,74.72,66.66,54.16,59.77,64.58
MEANTIME\\113219\event,MEANTIME,,113219,event,33.33,33.33,33.33,76.66,76.66,76.66,79.52,79.52,79.52,63.17
MEANTIME\\113227\entity,MEANTIME,,113227,entity,58.33,77.77,66.66,73.18,83.76,78.12,71.66,56.3,63.06,69.28
MEANTIME\\113227\event,MEANTIME,,113227,event,75,100,85.71,81.81,100,90,95.23,83.33,88.88,88.197
MEANTIME\\113267\entity,MEANTIME,,113267,entity,40,100,57.14,45.83,100,62.85,83.33,41.66,55.55,58.513
MEANTIME\\113267\event,MEANTIME,,113267,event,0,0,0,50,100,66.66,66.66,33.33,44.44,37.033
MEANTIME\\113278\entity,MEANTIME,,113278,entity,53.84,58.33,55.99,78.64,79.06,78.85,73.43,69.76,71.55,68.797
MEANTIME\\113278\event,MEANTIME,,113278,event,66.66,100,80,83.33,100,90.9,88.88,66.66,76.19,82.363
MEANTIME\\113330\entity,MEANTIME,,113330,entity,42.85,50,46.15,71.56,80.39,75.72,56.66,51.51,53.96,58.61
MEANTIME\\113330\event,MEANTIME,,113330,event,25,33.33,28.57,57.14,66.66,61.53,60,45,51.42,47.173
MEANTIME\\114565\entity,MEANTIME,,114565,entity,33.33,42.85,37.5,61.11,74.44,67.12,62.96,51.51,56.66,53.76
MEANTIME\\114565\event,MEANTIME,,114565,event,50,100,66.66,55.55,100,71.42,80,40,53.33,63.803
MEANTIME\\114613\entity,MEANTIME,,114613,entity,45.45,55.55,50,64.99,71.66,68.17,73.54,60.17,66.19,61.453
MEANTIME\\114613\event,MEANTIME,,114613,event,60,100,74.99,60,100,74.99,87.5,43.75,58.33,69.437
MEANTIME\\114719\entity,MEANTIME,,114719,entity,36.36,57.14,44.44,59.64,78.94,67.95,69.58,46.38,55.66,56.017
MEANTIME\\114719\event,MEANTIME,,114719,event,50,50,50,66.66,66.66,66.66,50,50,50,55.553
MEANTIME\\114864\entity,MEANTIME,,114864,entity,50,60,54.54,78.12,80,79.05,69.04,62.77,65.75,66.447
MEANTIME\\114864\event,MEANTIME,,114864,event,50,50,50,80,80,80,77.77,77.77,77.77,69.257
MEANTIME\\114904\entity,MEANTIME,,114904,entity,54.54,100,70.58,20.83,100,34.48,40,6.66,11.42,38.827
MEANTIME\\114904\event,MEANTIME,,114904,event,33.33,40,36.36,60.6,69.69,64.83,58,48.33,52.72,51.303
MEANTIME\\115064\entity,MEANTIME,,115064,entity,46.66,87.5,60.86,60.66,92,73.11,78,45.88,57.77,63.913
MEANTIME\\115064\event,MEANTIME,,115064,event,40,50,44.44,62.96,77.77,69.59,78.33,62.66,69.62,61.217
MEANTIME\\115587\entity,MEANTIME,,115587,entity,33.33,40,36.36,71.11,80,75.29,68.14,61.33,64.56,58.737
MEANTIME\\115587\event,MEANTIME,,115587,event,0,0,0,33.33,100,50,50,16.66,25,25
MEANTIME\\115711\entity,MEANTIME,,115711,entity,53.84,100,70,64.24,100,78.22,83.38,50.03,62.53,70.25
MEANTIME\\115711\event,MEANTIME,,115711,event,100,100,100,100,100,100,100,100,100,100
MEANTIME\\116834\entity,MEANTIME,,116834,entity,62.5,100,76.92,71.66,100,83.49,92.14,67.01,77.59,79.333
MEANTIME\\116834\event,MEANTIME,,116834,event,75,100,85.71,87.5,100,93.33,91.66,73.33,81.48,86.84
MEANTIME\\121225\entity,MEANTIME,,121225,entity,35.71,62.5,45.45,40.83,81.66,54.44,70.55,35.27,47.03,48.973
MEANTIME\\121225\event,MEANTIME,,121225,event,33.33,100,50,37.5,100,54.54,66.66,22.22,33.33,45.957
MEANTIME\\121416\entity,MEANTIME,,121416,entity,12.5,20,15.38,54.16,72.91,62.15,72.91,53.03,61.4,46.31
MEANTIME\\121978\entity,MEANTIME,,121978,entity,45.45,100,62.5,62.85,100,77.19,86.41,51.85,64.81,68.167
MEANTIME\\121978\event,MEANTIME,,121978,event,100,100,100,100,100,100,100,100,100,100
MEANTIME\\122475\entity,MEANTIME,,122475,entity,16.66,33.33,22.22,67.05,86.27,75.46,87.87,69.04,77.33,58.337
MEANTIME\\122475\event,MEANTIME,,122475,event,0,0,0,50,100,66.66,66.66,33.33,44.44,37.033
MEANTIME\\124259\entity,MEANTIME,,124259,entity,45.45,71.42,55.55,59.04,90,71.3,80.37,55.64,65.75,64.2
MEANTIME\\124259\event,MEANTIME,,124259,event,25,100,40,52.38,100,68.75,71.11,35.55,47.4,52.05
MEANTIME\\131162\entity,MEANTIME,,131162,entity,42.85,50,46.15,72.94,80.39,76.48,70,63.63,66.66,63.097
MEANTIME\\131162\event,MEANTIME,,131162,event,66.66,100,80,73.33,100,84.61,90,60,72,78.87
MEANTIME\\141225\entity,MEANTIME,,141225,entity,66.66,100,80,72.72,100,84.21,96,68.57,79.99,81.4
MEANTIME\\141225\event,MEANTIME,,141225,event,100,100,100,100,100,100,100,100,100,100
MEANTIME\\141483\entity,MEANTIME,,141483,entity,53.84,87.5,66.66,39.81,91.66,55.51,80.83,40.41,53.88,58.683
MEANTIME\\141483\event,MEANTIME,,141483,event,20,100,33.33,45.83,100,62.85,65.55,28.09,39.33,45.17
MEANTIME\\180695\entity,MEANTIME,,180695,entity,63.63,87.5,73.68,64.07,94.44,76.34,91.66,64.16,75.49,75.17
MEANTIME\\180695\event,MEANTIME,,180695,event,16.66,25,20,46.66,66.66,54.9,58.33,38.88,46.66,40.52
MEANTIME\\251007\entity,MEANTIME,,251007,entity,60,75,66.66,82.22,91.11,86.43,88,80,83.8,78.963
MEANTIME\\251007\event,MEANTIME,,251007,event,100,100,100,100,100,100,100,100,100,100
MEANTIME\\61327\entity,MEANTIME,,61327,entity,60,100,74.99,80.76,100,89.36,95.83,76.66,85.18,83.177
MEANTIME\\61327\event,MEANTIME,,61327,event,20,50,28.57,50,87.5,63.63,66.66,33.33,44.44,45.547
MEANTIME\\62405\entity,MEANTIME,,62405,entity,55.55,71.42,62.5,76.98,88.88,82.5,82.14,70.4,75.82,73.607
MEANTIME\\62405\event,MEANTIME,,62405,event,100,100,100,100,100,100,100,100,100,100
MEANTIME\\76437\entity,MEANTIME,,76437,entity,40,80,53.33,62.58,95.23,75.53,75.15,51.66,61.23,63.363
MEANTIME\\76437\event,MEANTIME,,76437,event,100,100,100,100,100,100,100,100,100,100
MEANTIME\\82738\entity,MEANTIME,,82738,entity,60,60,60,83.33,79.16,81.19,74.14,74.14,74.14,71.777
MEANTIME\\82738\event,MEANTIME,,82738,event,100,100,100,100,100,100,100,100,100,100
MEANTIME\\96770\entity,MEANTIME,,96770,entity,50,100,66.66,82.05,100,90.14,94.07,76.96,84.66,80.487
MEANTIME\\96770\event,MEANTIME,,96770,event,83.33,100,90.9,90.9,100,95.23,93.33,77.77,84.84,90.323
MEANTIME\3\\,MEANTIME,3,,,70.7,73.94,72.28,49.84,59.19,54.12,50.76,42.88,46.49,57.63
MEANTIME\3\\entity,MEANTIME,3,,entity,74.46,81.77,77.95,43.87,62.49,51.55,53.79,32.87,40.81,56.77
MEANTIME\3\\event,MEANTIME,3,,event,53,46.49,49.53,68.66,50.71,58.34,48.82,61.03,54.25,54.04
MEANTIME//mean/,MEANTIME,,mean,,48.16166667,71.73233333,56.87233333,66.148,88.08966667,74.78833333,77.62733333,57.50333333,65.54433333,65.73496667
MEANTIME//mean/event,MEANTIME,,mean,event,54.25172414,73.50551724,60.18034483,70.5562069,92.8137931,78.2362069,79.89137931,61.19,67.53931034,68.65193103
MEANTIME//mean/entity,MEANTIME,,mean,entity,48.136,72.59333333,57.168,65.22766667,88.06133333,73.673,77.173,57.525,65.12366667,65.3216
MEANTIME/mean//,MEANTIME,mean,,,70.7,73.94,72.28,49.84,59.19,54.12,50.76,42.88,46.49,57.63
MEANTIME/mean//event,MEANTIME,mean,,event,53,46.49,49.53,68.66,50.71,58.34,48.82,61.03,54.25,54.04
MEANTIME/mean//entity,MEANTIME,mean,,entity,74.46,81.77,77.95,43.87,62.49,51.55,53.79,32.87,40.81,56.77
NP4E\\4_tajikistan\,NP4E,,4_tajikistan,,82.91,85.46,84.16,41.03,70.31,51.82,51.01,39.57,44.57,60.183
NP4E//mean/,NP4E,,mean,,82.91,85.46,84.16,41.03,70.31,51.82,51.01,39.57,44.57,60.183
NP4E//mean/,NP4E,,mean,entity,82.91,85.46,84.16,41.03,70.31,51.82,51.01,39.57,44.57,60.183
NIdent\\4_tajikistan\,NIdent,,4_tajikistan,,81.77,86.87,84.25,34.88,69.04,46.34,54.37,31.38,39.8,56.797
NIdent//mean/,NIdent,,mean,,81.77,86.87,84.25,34.88,69.04,46.34,54.37,31.38,39.8,56.797
NIdent//mean/,NIdent,,mean,entity,81.77,86.87,84.25,34.88,69.04,46.34,54.37,31.38,39.8,56.797
GVC\\207542\,GVC,,207542,,37.93,64.7,47.82,20.86,75.25,32.67,44.12,11.03,17.65,32.713
GVC\\209733\,GVC,,209733,,57.14,85.71,68.57,43.86,85.89,58.07,62.88,26.2,36.99,54.543
GVC\\223936\,GVC,,223936,,69.76,88.23,77.92,35.1,85.97,49.85,56.91,20.32,29.95,52.573
GVC\\226600\,GVC,,226600,,53.57,93.75,68.18,27.6,91.66,42.43,50.38,12.59,20.15,43.587
GVC\\314763\,GVC,,314763,,52.94,90,66.66,48.86,86.36,62.41,70.24,29.26,41.31,56.793
GVC\\370966\,GVC,,370966,,46.66,87.5,60.86,34.47,92.98,50.29,57.61,20.95,30.73,47.293
GVC\\403084\,GVC,,403084,,0,0,0,28.57,100,44.44,45,12.85,20,21.48
GVC\\423088\,GVC,,423088,,0,0,0,25,100,40,47.61,11.9,19.04,19.68
GVC\\443803\,GVC,,443803,,45.83,84.61,59.45,27.73,91.66,42.58,59.28,15.8,24.96,42.33
GVC\\453738\,GVC,,453738,,38.09,80,51.61,33.14,88,48.15,49.7,13.25,20.92,40.227
GVC\\470044\,GVC,,470044,,76.92,90.9,83.33,71.42,90.19,79.72,87.72,58.48,70.18,77.743
GVC\\490954\,GVC,,490954,,66.66,94.73,78.26,56.14,95.15,70.61,76.98,32.99,46.19,65.02
GVC\\508327\,GVC,,508327,,40,100,57.14,30.33,100,46.54,64.81,16.2,25.92,43.2
GVC\\517940\,GVC,,517940,,77.77,100,87.5,71.21,100,83.18,78.67,39.33,52.44,74.373
GVC\\541769\,GVC,,541769,,81.66,96.07,88.28,55.2,91.74,68.93,82.25,32.9,47,68.07
GVC\\548527\,GVC,,548527,,63.15,100,77.41,52.08,100,68.49,78.66,32.77,46.27,64.057
GVC\\561245\,GVC,,561245,,80,88.88,84.21,82.14,75.51,78.68,59.84,47.87,53.19,72.027
GVC\\577792\,GVC,,577792,,40,66.66,50,62.96,85.18,72.4,73.33,48.88,58.66,60.353
GVC\\621109\,GVC,,621109,,57.14,90.9,70.17,36.8,89.04,52.08,62.15,17.26,27.02,49.757
GVC\\648867\,GVC,,648867,,68.18,75,71.42,60.99,67.4,64.04,58.01,46.41,51.57,62.343
GVC\\682959\,GVC,,682959,,53.84,100,70,49.01,100,65.78,78.63,31.45,44.93,60.237
GVC\\683045\,GVC,,683045,,51.72,83.33,63.82,27.18,76.56,40.12,34.93,7.48,12.33,38.757
GVC\\688056\,GVC,,688056,,65.51,86.36,74.5,53.43,83.08,65.03,73.92,30.8,43.48,61.003
GVC\\692025\,GVC,,692025,,58.33,73.68,65.11,38.39,70.48,49.7,48.74,24.37,32.49,49.1
GVC\\695963\,GVC,,695963,,68.75,91.66,78.57,53.33,92.5,67.65,83.09,41.54,55.39,67.203
GVC\\696569\,GVC,,696569,,91.66,100,95.65,63.07,100,77.35,89.2,59.46,71.36,81.453
GVC\\699070\,GVC,,699070,,45,81.81,58.06,28.05,85.83,42.29,49.88,15.34,23.47,41.273
GVC\\702958\,GVC,,702958,,62.5,93.75,75,32.73,93.57,48.5,64.16,21.38,32.08,51.86
GVC\\721079\,GVC,,721079,,50,85.71,63.15,36.25,88.5,51.43,69.33,23.11,34.66,49.747
GVC\\723429\,GVC,,723429,,25,50,33.33,52.38,85.71,65.02,71.11,42.66,53.33,50.56
GVC\\725323\,GVC,,725323,,33.33,100,50,60,100,74.99,75,37.5,50,58.33
GVC\\728026\,GVC,,728026,,57.81,78.72,66.66,31.75,75.4,44.69,55.9,16.3,25.24,45.53
GVC\\730157\,GVC,,730157,,0,0,0,39.99,100,57.14,58.33,23.33,33.33,30.157
GVC\\734402\,GVC,,734402,,54.16,86.66,66.66,46.66,88.34,61.07,67.42,24.08,35.48,54.403
GVC//mean/,GVC,,mean,,52.08852941,79.09764706,62.03823529,44.60823529,89.175,57.83294118,64.28794118,27.82470588,37.87382353,52.58161765
GVC//mean/,GVC,,mean,event,52.08852941,79.09764706,62.03823529,44.60823529,89.175,57.83294118,64.28794118,27.82470588,37.87382353,52.58161765
FCC\\37wvzJUrtMNQJ45YvcPqaR\,FCC,,37wvzJUrtMNQJ45YvcPqaR,,0,0,0,78.26,82.6,80.37,69.81,66.14,67.92,49.43
FCC\\4Vxa44gBmfJ58Lm3ZD4yKh\,FCC,,4Vxa44gBmfJ58Lm3ZD4yKh,,51.42,43.9,47.36,52.3,43.9,47.73,30.03,44.45,35.85,43.647
FCC\\ANhCXjNGADEiBvPsLuBanY\,FCC,,ANhCXjNGADEiBvPsLuBanY,,100,100,100,100,100,100,100,100,100,100
FCC\\AnrbWqVp6h2HKT32UBhL5b\,FCC,,AnrbWqVp6h2HKT32UBhL5b,,83.33,62.5,71.42,89.74,71.79,79.77,57.74,80.84,67.37,72.853
FCC\\B6qBJVGv9Dwud9fP7Ejinh\,FCC,,B6qBJVGv9Dwud9fP7Ejinh,,50,66.66,57.14,60,78.57,68.04,57.77,43.33,49.52,58.233
FCC\\B72KLKnx8xu8ey2fp5N4YT\,FCC,,B72KLKnx8xu8ey2fp5N4YT,,100,100,100,100,100,100,100,100,100,100
FCC\\BD3jCPdWifiaZ8Bu9EjQEe\,FCC,,BD3jCPdWifiaZ8Bu9EjQEe,,50,100,66.66,66.66,100,80,90,60,72,72.887
FCC\\CjtBVGeik6CJgeahBkZt4v\,FCC,,CjtBVGeik6CJgeahBkZt4v,,36.36,44.44,39.99,47.11,60.77,53.08,44.73,32.53,37.66,43.577
FCC\\EWUAiyTmvSdNomgAtexp9a\,FCC,,EWUAiyTmvSdNomgAtexp9a,,100,100,100,100,100,100,100,100,100,100
FCC\\EeoWnDTfkJrsdkhn9QWPSc\,FCC,,EeoWnDTfkJrsdkhn9QWPSc,,57.14,66.66,61.53,59,63.33,61.08,70.9,53.18,60.77,61.127
FCC\\F5aKwX9Qtsk4PA9Q9cQQPB\,FCC,,F5aKwX9Qtsk4PA9Q9cQQPB,,80,66.66,72.72,87.17,79.48,83.15,68.75,78.57,73.33,76.4
FCC\\Fi3FVPoUo2Vvuv2XPEw3n8\,FCC,,Fi3FVPoUo2Vvuv2XPEw3n8,,40.47,44.73,42.5,52.86,64.84,58.24,45.73,40.02,42.69,47.81
FCC\\HFqEgwkQVzE7iCWFYJkVh5\,FCC,,HFqEgwkQVzE7iCWFYJkVh5,,16.66,25,20,54.16,72.22,61.9,65,48.75,55.71,45.87
FCC\\HMNwpVr4XqNqqfByAvzeNs\,FCC,,HMNwpVr4XqNqqfByAvzeNs,,55.55,58.82,57.14,65.83,72.39,68.95,74.37,69.41,71.81,65.967
FCC\\JpHwSKUmm3Kuuq73dHeGR8\,FCC,,JpHwSKUmm3Kuuq73dHeGR8,,37.5,75,50,60.44,93.33,73.37,81.49,51.86,63.38,62.25
FCC\\Jvn8nmHkb7dm5kMbWjRXeA\,FCC,,Jvn8nmHkb7dm5kMbWjRXeA,,0,0,0,54.54,81.81,65.45,61.11,40.74,48.88,38.11
FCC\\Lp3a7hfQPLfZS3q8ysU9sA\,FCC,,Lp3a7hfQPLfZS3q8ysU9sA,,0,0,0,50,100,66.66,72.22,36.11,48.14,38.267
FCC\\MfNtUCg5ZzMuc5bdSMgK7H\,FCC,,MfNtUCg5ZzMuc5bdSMgK7H,,50,75,60,76.04,93.75,83.97,79.9,66.58,72.64,72.203
FCC\\PLrfgLMZ422vRBVm9PKAL4\,FCC,,PLrfgLMZ422vRBVm9PKAL4,,57.77,65,61.17,67.5,69.39,68.43,66.14,55.8,60.53,63.377
FCC\\QARfDBpANs8gqzZn3ugVye\,FCC,,QARfDBpANs8gqzZn3ugVye,,16.66,33.33,22.22,55.55,83.33,66.66,75.55,50.37,60.44,49.773
FCC\\QNx2VoWVuyKNMbZiwrL9m8\,FCC,,QNx2VoWVuyKNMbZiwrL9m8,,50,66.66,57.14,50.33,81.99,62.37,57.03,39.48,46.66,55.39
FCC\\QURvQphnvtxgFgtCtgWGF4\,FCC,,QURvQphnvtxgFgtCtgWGF4,,66.66,100,80,62.5,100,76.92,85.71,42.85,57.14,71.353
FCC\\QuwCAeVhNkPen3nqfbGTmK\,FCC,,QuwCAeVhNkPen3nqfbGTmK,,100,100,100,100,100,100,100,100,100,100
FCC\\SFwVfHWBbJpNuTsdEwmP8y\,FCC,,SFwVfHWBbJpNuTsdEwmP8y,,64.28,65.85,65.06,61.17,66.85,63.88,47.59,44.95,46.23,58.39
FCC\\Sv4orKRR3dPogDfYiEWqyP\,FCC,,Sv4orKRR3dPogDfYiEWqyP,,55.55,53.57,54.54,64.67,63.64,64.15,46.4,48.61,47.48,55.39
FCC\\TMse8Jwojbp9WQ3dUp6k76\,FCC,,TMse8Jwojbp9WQ3dUp6k76,,54.44,59.03,56.64,51.61,60.64,55.76,39.85,32.31,35.69,49.363
FCC\\UQ37V7qPAhonJThoTuFjS4\,FCC,,UQ37V7qPAhonJThoTuFjS4,,50,100,66.66,55.55,100,71.42,80,40,53.33,63.803
FCC\\VenpvvrNjoF65YW2FV2GFX\,FCC,,VenpvvrNjoF65YW2FV2GFX,,62.22,75.67,68.29,54.72,84.19,66.33,64.22,43.67,51.99,62.203
FCC\\ZyZze8MxiXGLXiBLoVMvw2\,FCC,,ZyZze8MxiXGLXiBLoVMvw2,,80,80,80,81.48,88.88,85.02,64.39,64.39,64.39,76.47
FCC\\auomGz2eHER7TYVTSBCPVq\,FCC,,auomGz2eHER7TYVTSBCPVq,,61.7,70.73,65.9,62.76,72.46,67.26,56.27,42.2,48.23,60.463
FCC\\ehMNzeR89MPxq8ogqEFN3t\,FCC,,ehMNzeR89MPxq8ogqEFN3t,,66.66,88.88,76.19,72.85,84.44,78.22,91.49,66.54,77.04,77.15
FCC\\gFcve8f4jhob3DtuG2oMLA\,FCC,,gFcve8f4jhob3DtuG2oMLA,,50,100,66.66,57.57,100,73.07,69.19,29.65,41.51,60.413
FCC\\gms9djUrHqioq2JJbWPikQ\,FCC,,gms9djUrHqioq2JJbWPikQ,,57.89,68.75,62.85,62.35,83.83,71.51,68.65,56.53,62,65.453
FCC\\hEqLAhWtVRJhAxn2eMTpQp\,FCC,,hEqLAhWtVRJhAxn2eMTpQp,,100,42.85,60,100,65.71,79.31,63.33,95,75.99,71.767
FCC\\hc9tEfCGRKyjniKn3GwoD8\,FCC,,hc9tEfCGRKyjniKn3GwoD8,,0,0,0,100,100,100,100,100,100,66.667
FCC\\hzTuSAWek6dKBApP3QyJVv\,FCC,,hzTuSAWek6dKBApP3QyJVv,,100,50,66.66,100,66.66,80,60,90,72,72.887
FCC\\ijmJYdPq2qFUrwWn9rHSaZ\,FCC,,ijmJYdPq2qFUrwWn9rHSaZ,,100,100,100,100,100,100,100,100,100,100
FCC\\iwXTYePiH6sQz7CSJ3BHG6\,FCC,,iwXTYePiH6sQz7CSJ3BHG6,,53.84,58.33,55.99,56.21,63.95,59.83,57.6,49.37,53.16,56.327
FCC\\j8hTYTE2jpPN8Nj3iEgWJj\,FCC,,j8hTYTE2jpPN8Nj3iEgWJj,,40,44.44,42.1,62.28,67.71,64.88,55.92,50.33,52.98,53.32
FCC\\ntovtVhyKbotPQtXEUSz3Z\,FCC,,ntovtVhyKbotPQtXEUSz3Z,,60,60,60,74,79.99,76.88,41.11,41.11,41.11,59.33
FCC\\nxE7kZgUrUCkZFEYYqQDti\,FCC,,nxE7kZgUrUCkZFEYYqQDti,,40.9,50,45,58.92,73.12,65.26,54.21,45.18,49.29,53.183
FCC\0\\,FCC,0,,,61.45,65.92,63.61,36.05,44.19,39.71,26.14,15.71,19.63,40.983
FCC//mean/,FCC,,mean,,56.02439024,62.49902439,57.5495122,69.90560976,80.86731707,73.87609756,68.63902439,59.53292683,62.55756098,64.66104878
FCC//mean/,FCC,,mean,event,56.02439024,62.49902439,57.5495122,69.90560976,80.86731707,73.87609756,68.63902439,59.53292683,62.55756098,64.66104878
FCC/mean//,FCC,mean,,,61.45,65.92,63.61,36.05,44.19,39.71,26.14,15.71,19.63,40.983
FCC/mean//,FCC,mean,,event,61.45,65.92,63.61,36.05,44.19,39.71,26.14,15.71,19.63,40.983
CD2CR\\221\,CD2CR,,221,,0,0,0,37.5,100,54.54,57.77,21.66,31.51,28.683
CD2CR\\223\,CD2CR,,223,,57.14,100,72.72,60,100,74.99,79.36,39.68,52.91,66.873
CD2CR\\224\,CD2CR,,224,,39.13,100,56.25,15.64,100,27.06,39.04,4.88,8.67,30.66
CD2CR\\225\,CD2CR,,225,,28.57,100,44.44,36.66,100,53.65,61.11,22.91,33.33,43.807
CD2CR\\226\,CD2CR,,226,,54.54,100,70.58,33.84,100,50.57,58.33,16.66,25.92,49.023
CD2CR\\228\,CD2CR,,228,,50,100,66.66,75,100,85.71,83.33,55.55,66.66,73.01
CD2CR\\229\,CD2CR,,229,,43.75,93.33,59.57,12.33,94.11,21.8,39.36,4.14,7.49,29.62
CD2CR\\230\,CD2CR,,230,,0,0,0,28.57,100,44.44,49.99,14.28,22.22,22.22
CD2CR\\231\,CD2CR,,231,,16.66,50,25,29.16,87.5,43.75,58.33,19.44,29.16,32.637
CD2CR\\232\,CD2CR,,232,,50,100,66.66,42.29,100,59.44,71.1,20.31,31.6,52.567
CD2CR\\233\,CD2CR,,233,,33.33,100,50,60,100,75,75,37.5,50,58.333
CD2CR\\234\,CD2CR,,234,,50,100,66.66,60.52,100,75.4,66.66,27.77,39.21,60.423
CD2CR\\235\,CD2CR,,235,,30.43,100,46.66,11.47,100,20.59,44.87,4.98,8.97,25.407
CD2CR\\236\,CD2CR,,236,,30.76,100,47.05,19.39,100,32.48,61.41,8.77,15.35,31.627
CD2CR\\237\,CD2CR,,237,,33.33,100,50,42.85,100,60,69.44,27.77,39.68,49.893
CD2CR\\238\,CD2CR,,238,,50,100,66.66,50.71,100,67.29,69.34,30.82,42.67,58.873
CD2CR\\239\,CD2CR,,239,,28.57,100,44.44,15.52,100,26.88,62.5,7.35,13.15,28.157
CD2CR\\240\,CD2CR,,240,,50,100,66.66,75,100,85.71,83.33,55.55,66.66,73.01
CD2CR\\241\,CD2CR,,241,,25,100,40,27.99,100,43.74,57.14,14.28,22.85,35.53
CD2CR\\242\,CD2CR,,242,,37.83,93.33,53.84,12.4,96.15,21.98,49.87,4.15,7.67,27.83
CD2CR\\244\,CD2CR,,244,,46.15,100,63.15,26.34,100,41.7,69.44,15.43,25.25,43.367
CD2CR\\245\,CD2CR,,245,,0,0,0,37.5,100,54.54,55.55,20.83,30.3,28.28
CD2CR\\246\,CD2CR,,246,,20,100,33.33,16.47,100,28.28,54.38,7.76,13.59,25.067
CD2CR\\247\,CD2CR,,247,,0,0,0,50,100,66.66,66.66,33.33,44.44,37.033
CD2CR\\248\,CD2CR,,248,,14.28,100,25,25.39,100,40.5,55.55,13.88,22.22,29.24
CD2CR\\249\,CD2CR,,249,,0,0,0,44.44,100,61.53,62.5,27.77,38.46,33.33
CD2CR\\250\,CD2CR,,250,,0,0,0,33.33,100,50,50,16.66,25,25
CD2CR\\251\,CD2CR,,251,,0,0,0,28.57,100,44.44,49.99,14.28,22.22,22.22
CD2CR\\252\,CD2CR,,252,,50,100,66.66,43.99,100,61.11,75,25,37.5,55.09
CD2CR\\253\,CD2CR,,253,,50,100,66.66,75,100,85.71,83.33,55.55,66.66,73.01
CD2CR\\254\,CD2CR,,254,,0,0,0,50,100,66.66,66.66,33.33,44.44,37.033
CD2CR\\255\,CD2CR,,255,,33.33,100,50,36.8,100,53.8,66.66,22.22,33.33,45.71
CD2CR\\256\,CD2CR,,256,,30,100,46.15,37.69,100,54.74,60.95,18.28,28.13,43.007
CD2CR\\257\,CD2CR,,257,,25,100,40,57.14,100,72.72,72.22,36.11,48.14,53.62
CD2CR\\258\,CD2CR,,258,,28.57,100,44.44,58.33,100,73.68,74.66,37.33,49.77,55.963
CD2CR\\259\,CD2CR,,259,,0,0,0,50,100,66.66,66.66,33.33,44.44,37.033
CD2CR\\260\,CD2CR,,260,,30,100,46.15,28.33,100,44.15,66.66,14.81,24.24,38.18
CD2CR\\261\,CD2CR,,261,,50,100,66.66,75,100,85.71,83.33,55.55,66.66,73.01
CD2CR\\262\,CD2CR,,262,,0,0,0,50,100,66.66,66.66,33.33,44.44,37.033
CD2CR\\263\,CD2CR,,263,,30,75,42.85,15.41,89.09,26.27,42.42,6.06,10.6,26.573
CD2CR//mean/,CD2CR,,mean,,27.90925,72.7915,39.6225,39.66425,99.17125,54.2635,63.164,23.98225,33.38775,42.42455
CD2CR//mean/,CD2CR,,mean,entity,27.90925,72.7915,39.6225,39.66425,99.17125,54.2635,63.164,23.98225,33.38775,42.42455
WECEng\\225GQmvyMaterygPQ4jg5Y\,WECEng,,225GQmvyMaterygPQ4jg5Y,,100,100,100,100,100,100,100,100,100,100
WECEng\\279zcXfYJXbkhEUxXKVLyB\,WECEng,,279zcXfYJXbkhEUxXKVLyB,,100,100,100,100,100,100,100,100,100,100
WECEng\\28NdUPzdJXpFW77h4Y3cMk\,WECEng,,28NdUPzdJXpFW77h4Y3cMk,,75,100,85.71,68,100,80.95,88.88,44.44,59.25,75.303
WECEng\\2BiZM9Ndkn2BSntTynb6Q7\,WECEng,,2BiZM9Ndkn2BSntTynb6Q7,,100,100,100,100,100,100,100,100,100,100
WECEng\\2PGEWuQC4hEWqaTmB2AGgU\,WECEng,,2PGEWuQC4hEWqaTmB2AGgU,,100,100,100,100,100,100,100,100,100,100
WECEng\\2SDaMe2NTHmo2dFC3U4qne\,WECEng,,2SDaMe2NTHmo2dFC3U4qne,,100,100,100,100,100,100,100,100,100,100
WECEng\\2U89MqDUzdm5Aq7wfRm2Bn\,WECEng,,2U89MqDUzdm5Aq7wfRm2Bn,,100,100,100,100,100,100,100,100,100,100
WECEng\\2aMb9tGxwGo3UxCRw8ov9K\,WECEng,,2aMb9tGxwGo3UxCRw8ov9K,,75,100,85.71,68,100,80.95,88.88,44.44,59.25,75.303
WECEng\\2t9QCz9hrYpeY2HZmWdrzq\,WECEng,,2t9QCz9hrYpeY2HZmWdrzq,,75,100,85.71,68,100,80.95,88.88,44.44,59.25,75.303
WECEng\\3FzEi63pBLPmjtYPgKZyeT\,WECEng,,3FzEi63pBLPmjtYPgKZyeT,,80,100,88.88,72.22,100,83.87,90.9,45.45,60.6,77.783
WECEng\\3MQLQs9ggLkC4bLdZf65vN\,WECEng,,3MQLQs9ggLkC4bLdZf65vN,,100,100,100,100,100,100,100,100,100,100
WECEng\\3Vvjb5kdvuhJFy4xUeWtKF\,WECEng,,3Vvjb5kdvuhJFy4xUeWtKF,,75,100,85.71,68,100,80.95,88.88,44.44,59.25,75.303
WECEng\\3aKb2fVGHRWG4crg8iwGSG\,WECEng,,3aKb2fVGHRWG4crg8iwGSG,,100,100,100,100,100,100,100,100,100,100
WECEng\\3d9zurvCQoBZCTBpm9i42e\,WECEng,,3d9zurvCQoBZCTBpm9i42e,,100,100,100,100,100,100,100,100,100,100
WECEng\\3oPY3gUYE7Jj5LViEA52Ck\,WECEng,,3oPY3gUYE7Jj5LViEA52Ck,,100,100,100,100,100,100,100,100,100,100
WECEng\\42VJNwMgXpXQCtNgchtuSg\,WECEng,,42VJNwMgXpXQCtNgchtuSg,,100,100,100,100,100,100,100,100,100,100
WECEng\\48oDYkryyVuaNZnqYvv2aY\,WECEng,,48oDYkryyVuaNZnqYvv2aY,,0,0,0,50,100,66.66,66.66,33.33,44.44,37.033
WECEng\\4HUML62thnBjrUfr92Bn5N\,WECEng,,4HUML62thnBjrUfr92Bn5N,,100,100,100,100,100,100,100,100,100,100
WECEng\\4ienqXqZeogRztPpZePohN\,WECEng,,4ienqXqZeogRztPpZePohN,,75,100,85.71,52,100,68.42,75,37.5,50,68.043
WECEng\\4jCBoHEXNWEewKvjmu675u\,WECEng,,4jCBoHEXNWEewKvjmu675u,,100,100,100,100,100,100,100,100,100,100
WECEng\\4rvEL7Sx6i39zg4C6SX8LD\,WECEng,,4rvEL7Sx6i39zg4C6SX8LD,,64.28,100,78.26,46.66,100,63.63,80,13.33,22.85,54.913
WECEng\\4rwMA3xewwNMsnnmy7qNHN\,WECEng,,4rwMA3xewwNMsnnmy7qNHN,,100,100,100,100,100,100,100,100,100,100
WECEng\\4yPhKP9Tsx9ATnoRehXEnU\,WECEng,,4yPhKP9Tsx9ATnoRehXEnU,,80,100,88.88,72.22,100,83.87,90.9,45.45,60.6,77.783
WECEng\\57kkajB3NNCEFqR2RKGRm6\,WECEng,,57kkajB3NNCEFqR2RKGRm6,,100,100,100,100,100,100,100,100,100,100
WECEng\\588UudxCo57YTLB6rDpXpn\,WECEng,,588UudxCo57YTLB6rDpXpn,,100,100,100,100,100,100,100,100,100,100
WECEng\\5DxrNDReiUCXq7k2CqVMrj\,WECEng,,5DxrNDReiUCXq7k2CqVMrj,,100,100,100,100,100,100,100,100,100,100
WECEng\\5UbazVz3XaztStXDx5kdUz\,WECEng,,5UbazVz3XaztStXDx5kdUz,,100,100,100,100,100,100,100,100,100,100
WECEng\\5UzLobxoYuNF5GycKeigBT\,WECEng,,5UzLobxoYuNF5GycKeigBT,,100,100,100,100,100,100,100,100,100,100
WECEng\\5dCnw7jjxt22HLgt7H9WoA\,WECEng,,5dCnw7jjxt22HLgt7H9WoA,,100,100,100,100,100,100,100,100,100,100
WECEng\\5vMv2FETbDFU67ZJrTLeiZ\,WECEng,,5vMv2FETbDFU67ZJrTLeiZ,,83.33,100,90.9,75.51,100,86.04,92.3,46.15,61.53,79.49
WECEng\\5vdExgdw3uN8T9QSdcsGtm\,WECEng,,5vdExgdw3uN8T9QSdcsGtm,,100,100,100,100,100,100,100,100,100,100
WECEng\\633iFgpJiKw3sa5h4UM9P2\,WECEng,,633iFgpJiKw3sa5h4UM9P2,,100,100,100,100,100,100,100,100,100,100
WECEng\\6Hhw2ajJYmPnFkMxgJXD5d\,WECEng,,6Hhw2ajJYmPnFkMxgJXD5d,,50,100,66.66,55.55,100,71.42,80,40,53.33,63.803
WECEng\\6duvXEhRFe69dpzwcefdrz\,WECEng,,6duvXEhRFe69dpzwcefdrz,,100,100,100,100,100,100,100,100,100,100
WECEng\\6eDK3ygZPoLE69uXWcLjVT\,WECEng,,6eDK3ygZPoLE69uXWcLjVT,,100,100,100,100,100,100,100,100,100,100
WECEng\\6u9Y27kaWbzac3XQqtAscy\,WECEng,,6u9Y27kaWbzac3XQqtAscy,,100,100,100,100,100,100,100,100,100,100
WECEng\\6v26Ekq8Yrfsq9wJxzPfx9\,WECEng,,6v26Ekq8Yrfsq9wJxzPfx9,,75,100,85.71,68,100,80.95,88.88,44.44,59.25,75.303
WECEng\\7JiRWKWj7hkkjrhTX6SafL\,WECEng,,7JiRWKWj7hkkjrhTX6SafL,,80.55,100,89.23,37.91,100,54.97,72.41,9.05,16.09,53.43
WECEng\\7L7KPmL7HS6e3n9NJiwYfT\,WECEng,,7L7KPmL7HS6e3n9NJiwYfT,,100,100,100,100,100,100,100,100,100,100
WECEng\\7X3KFnK8kfphQ8Vi77MLF7\,WECEng,,7X3KFnK8kfphQ8Vi77MLF7,,100,100,100,100,100,100,100,100,100,100
WECEng\\7XympqkkfCiuRbXUmYH2wk\,WECEng,,7XympqkkfCiuRbXUmYH2wk,,83.33,100,90.9,71.74,100,83.54,91.42,22.85,36.57,70.337
WECEng\\7wTLq9PRcYQxwwZkPMv5f8\,WECEng,,7wTLq9PRcYQxwwZkPMv5f8,,50,100,66.66,55.55,100,71.42,80,40,53.33,63.803
WECEng\\8REikpKDTHeiVr93L24nuD\,WECEng,,8REikpKDTHeiVr93L24nuD,,100,100,100,100,100,100,100,100,100,100
WECEng\\8ZpBwwnbjSdTjaF5apLE3x\,WECEng,,8ZpBwwnbjSdTjaF5apLE3x,,100,100,100,100,100,100,100,100,100,100
WECEng\\8ajddeRzur9eUVzCKh85RG\,WECEng,,8ajddeRzur9eUVzCKh85RG,,100,100,100,100,100,100,100,100,100,100
WECEng\\8yHV6W2x2rU8dnJNkgbmT3\,WECEng,,8yHV6W2x2rU8dnJNkgbmT3,,100,100,100,100,100,100,100,100,100,100
WECEng\\926EubRvssoyveZ6CKuCtP\,WECEng,,926EubRvssoyveZ6CKuCtP,,70,100,82.35,38.84,100,55.95,70.58,17.64,28.23,55.51
WECEng\\937cQxuSrATm2a85gv6ovU\,WECEng,,937cQxuSrATm2a85gv6ovU,,100,100,100,100,100,100,100,100,100,100
WECEng\\957bV7sW9ZQa9yKfJNgZ3d\,WECEng,,957bV7sW9ZQa9yKfJNgZ3d,,88.88,100,94.11,82,100,90.1,94.73,47.36,63.15,82.453
WECEng\\9DCWCKpc3bVDuZxmW5qAbS\,WECEng,,9DCWCKpc3bVDuZxmW5qAbS,,100,100,100,100,100,100,100,100,100,100
WECEng\\9Hp3MRShTQhgU7qFEz5aWa\,WECEng,,9Hp3MRShTQhgU7qFEz5aWa,,66.66,100,80,42.85,100,60,72.72,24.24,36.36,58.787
WECEng\\9Qer3w5LVsW4T6gh9fuRDJ\,WECEng,,9Qer3w5LVsW4T6gh9fuRDJ,,0,0,0,25,100,40,40,10,16,18.667
WECEng\\9phh3NnRtNwx9p2CiJ56kn\,WECEng,,9phh3NnRtNwx9p2CiJ56kn,,100,100,100,100,100,100,100,100,100,100
WECEng\\A4VKaUfUNix6cCykhSmQwL\,WECEng,,A4VKaUfUNix6cCykhSmQwL,,100,100,100,100,100,100,100,100,100,100
WECEng\\ALfAX99mxtpaoWwX5Pchtx\,WECEng,,ALfAX99mxtpaoWwX5Pchtx,,100,100,100,100,100,100,100,100,100,100
WECEng\\ANTVjRwy4gwKyYf7DVZ9Cr\,WECEng,,ANTVjRwy4gwKyYf7DVZ9Cr,,75,100,85.71,68,100,80.95,88.88,44.44,59.25,75.303
WECEng\\AmBWnv2uM3cXijjD2CXJEZ\,WECEng,,AmBWnv2uM3cXijjD2CXJEZ,,37.5,100,54.54,20.98,100,34.69,50,8.33,14.28,34.503
WECEng\\Au9M9zkGYgKqqPLXDENtuf\,WECEng,,Au9M9zkGYgKqqPLXDENtuf,,66.66,100,80,62.5,100,76.92,85.71,42.85,57.14,71.353
WECEng\\AviMFxUKZfiAC3e7cxS3t5\,WECEng,,AviMFxUKZfiAC3e7cxS3t5,,100,100,100,100,100,100,100,100,100,100
WECEng\\AxpAzsZaxe7UnsqfwjF3pJ\,WECEng,,AxpAzsZaxe7UnsqfwjF3pJ,,100,100,100,100,100,100,100,100,100,100
WECEng\\AzLbLnaNrzaEifr3sPQLX2\,WECEng,,AzLbLnaNrzaEifr3sPQLX2,,87.5,100,93.33,80.24,100,89.04,94.11,47.05,62.74,81.703
WECEng\\B5JbRegTL8MDuFndKb3jvW\,WECEng,,B5JbRegTL8MDuFndKb3jvW,,100,100,100,100,100,100,100,100,100,100
WECEng\\BR6s5z7SF22Y3PPBLqgVvg\,WECEng,,BR6s5z7SF22Y3PPBLqgVvg,,100,100,100,100,100,100,100,100,100,100
WECEng\\BSjWtxHKeaJiasqpCZQxDz\,WECEng,,BSjWtxHKeaJiasqpCZQxDz,,40,100,57.14,27.77,100,43.47,50,12.5,20,40.203
WECEng\\Bf6vWDHkKCDRLjCDnaAuEJ\,WECEng,,Bf6vWDHkKCDRLjCDnaAuEJ,,100,100,100,100,100,100,100,100,100,100
WECEng\\BgDPjEQ9Yh9AC5WuLDBPof\,WECEng,,BgDPjEQ9Yh9AC5WuLDBPof,,100,100,100,100,100,100,100,100,100,100
WECEng\\Bggkzs3k2hubPd76nRzMow\,WECEng,,Bggkzs3k2hubPd76nRzMow,,50,100,66.66,28.39,100,44.23,61.53,12.3,20.51,43.8
WECEng\\CACShdEbAGp2VbNbxHzMtm\,WECEng,,CACShdEbAGp2VbNbxHzMtm,,66.66,100,80,28,100,43.75,57.14,14.28,22.85,48.867
WECEng\\CAUnMm9PTifjYhdugYPTB7\,WECEng,,CAUnMm9PTifjYhdugYPTB7,,100,100,100,100,100,100,100,100,100,100
WECEng\\CBjPoqNxWse86n8FNNMQ7z\,WECEng,,CBjPoqNxWse86n8FNNMQ7z,,0,0,0,50,100,66.66,66.66,33.33,44.44,37.033
WECEng\\CGuFHhRH3pe8TDF69MNdUS\,WECEng,,CGuFHhRH3pe8TDF69MNdUS,,80,100,88.88,77.14,100,87.09,94.44,62.96,75.55,83.84
WECEng\\CTodfM23N5EYtojhgPjzTQ\,WECEng,,CTodfM23N5EYtojhgPjzTQ,,100,100,100,100,100,100,100,100,100,100
WECEng\\CWNDjBsnXWcS2XSeGxcsqy\,WECEng,,CWNDjBsnXWcS2XSeGxcsqy,,75,100,85.71,68,100,80.95,88.88,44.44,59.25,75.303
WECEng\\Co5BWep7RNqsiTHZK7ckmo\,WECEng,,Co5BWep7RNqsiTHZK7ckmo,,64.28,100,78.26,28.88,100,44.82,63.63,10.6,18.18,47.087
WECEng\\CquVnqDTUdiEioKxmv5kgq\,WECEng,,CquVnqDTUdiEioKxmv5kgq,,100,100,100,100,100,100,100,100,100,100
WECEng\\D4kNaQXgZLFuqhDHbdNDi8\,WECEng,,D4kNaQXgZLFuqhDHbdNDi8,,100,100,100,100,100,100,100,100,100,100
WECEng\\D6DZiQC8n9YQegWLPTmmHP\,WECEng,,D6DZiQC8n9YQegWLPTmmHP,,100,100,100,100,100,100,100,100,100,100
WECEng\\DEgTwDx5ZRwEsSDPzsDbup\,WECEng,,DEgTwDx5ZRwEsSDPzsDbup,,100,100,100,100,100,100,100,100,100,100
WECEng\\DHsWKmdHYnYXCcnE5WDFbi\,WECEng,,DHsWKmdHYnYXCcnE5WDFbi,,100,100,100,100,100,100,100,100,100,100
WECEng\\DTomxvFZZ5oB6MFNUXUDTA\,WECEng,,DTomxvFZZ5oB6MFNUXUDTA,,100,100,100,100,100,100,100,100,100,100
WECEng\\DijzrXLEATDoRLJQvLDufb\,WECEng,,DijzrXLEATDoRLJQvLDufb,,100,100,100,100,100,100,100,100,100,100
WECEng\\E2fxFt2xrA9WN35WQDLjz9\,WECEng,,E2fxFt2xrA9WN35WQDLjz9,,100,100,100,100,100,100,100,100,100,100
WECEng\\EMRCsDbMvC9mABb8nqSU2C\,WECEng,,EMRCsDbMvC9mABb8nqSU2C,,100,100,100,100,100,100,100,100,100,100
WECEng\\EPWFzswiBVhx7LdSqoGLZ2\,WECEng,,EPWFzswiBVhx7LdSqoGLZ2,,100,100,100,100,100,100,100,100,100,100
WECEng\\ERU8ALB6QSQcmSmpVURgYD\,WECEng,,ERU8ALB6QSQcmSmpVURgYD,,100,100,100,100,100,100,100,100,100,100
WECEng\\EVLqVSXuKmbid86Cr5rktv\,WECEng,,EVLqVSXuKmbid86Cr5rktv,,83.33,100,90.9,75.51,100,86.04,92.3,46.15,61.53,79.49
WECEng\\Ed9tr98H67RhAmTCUFxLNJ\,WECEng,,Ed9tr98H67RhAmTCUFxLNJ,,100,100,100,100,100,100,100,100,100,100
WECEng\\EetGn5ipaDf4pE8QQg79GZ\,WECEng,,EetGn5ipaDf4pE8QQg79GZ,,72,100,83.72,28.1,100,43.87,55.55,6.94,12.34,46.643
WECEng\\EgoBJ7ysFmkmswhQhnzjYC\,WECEng,,EgoBJ7ysFmkmswhQhnzjYC,,100,100,100,100,100,100,100,100,100,100
WECEng\\EkJ5JgMrEyUoBMiNgYg9wS\,WECEng,,EkJ5JgMrEyUoBMiNgYg9wS,,100,100,100,100,100,100,100,100,100,100
WECEng\\EmQa3eJT96ByozKQj6wLJB\,WECEng,,EmQa3eJT96ByozKQj6wLJB,,86.11,100,92.53,45.5,100,62.55,78.68,13.11,22.48,59.187
WECEng\\F7rzTeSJfpDSET5y5zFPdP\,WECEng,,F7rzTeSJfpDSET5y5zFPdP,,50,100,66.66,55.55,100,71.42,80,40,53.33,63.803
WECEng\\FSbdLT4sXctQzbHMPErw7i\,WECEng,,FSbdLT4sXctQzbHMPErw7i,,100,100,100,100,100,100,100,100,100,100
WECEng\\FmmzJVVA5mSzByyG8Coib3\,WECEng,,FmmzJVVA5mSzByyG8Coib3,,100,100,100,100,100,100,100,100,100,100
WECEng\\FqesX8MYG6utRtGhbWr9Ld\,WECEng,,FqesX8MYG6utRtGhbWr9Ld,,50,100,66.66,55.55,100,71.42,80,40,53.33,63.803
WECEng\\Ft84odXzk9AgQRkXkoBVDN\,WECEng,,Ft84odXzk9AgQRkXkoBVDN,,50,100,66.66,38.77,100,55.88,72.72,18.18,29.09,50.543
WECEng\\G6yGzobn3GaBgnGJLQLc4R\,WECEng,,G6yGzobn3GaBgnGJLQLc4R,,100,50,66.66,100,55.55,71.42,40,80,53.33,63.803
WECEng\\GMYLY3LXgJZxu6R6rJ5RHX\,WECEng,,GMYLY3LXgJZxu6R6rJ5RHX,,100,100,100,100,100,100,100,100,100,100
WECEng\\Gk8etNXR2JAJqSdWNC9jVo\,WECEng,,Gk8etNXR2JAJqSdWNC9jVo,,83.33,100,90.9,59.18,100,74.35,83.33,41.66,55.55,73.6
WECEng\\Gq8RsAYnwQw7rbFrrDLpt8\,WECEng,,Gq8RsAYnwQw7rbFrrDLpt8,,50,100,66.66,55.55,100,71.42,80,40,53.33,63.803
WECEng\\GsViPAnej8xxCfbLQijeyJ\,WECEng,,GsViPAnej8xxCfbLQijeyJ,,100,75,85.71,100,68,80.95,44.44,88.88,59.25,75.303
WECEng\\GxkHA56TKUBbRZBPiGtgep\,WECEng,,GxkHA56TKUBbRZBPiGtgep,,100,100,100,100,100,100,100,100,100,100
WECEng\\HLkGh2f4eBuEDiyUsvRxty\,WECEng,,HLkGh2f4eBuEDiyUsvRxty,,71.42,100,83.33,59.37,100,74.5,85.71,28.57,42.85,66.893
WECEng\\HPvfCqY7iACByDrELzTzQW\,WECEng,,HPvfCqY7iACByDrELzTzQW,,100,100,100,100,100,100,100,100,100,100
WECEng\\HREoCTtB62qvRnC2UtyC9U\,WECEng,,HREoCTtB62qvRnC2UtyC9U,,72.72,100,84.21,48.61,100,65.42,80,20,32,60.543
WECEng\\HXXCvXg5jY4AE2ZEzCUSmv\,WECEng,,HXXCvXg5jY4AE2ZEzCUSmv,,75,100,85.71,68,100,80.95,88.88,44.44,59.25,75.303
WECEng\\HgHtxJzpQa8YM9avzFnQ5g\,WECEng,,HgHtxJzpQa8YM9avzFnQ5g,,100,100,100,100,100,100,100,100,100,100
WECEng\\HgbuZeGmdPyfFJ8BjZaRjh\,WECEng,,HgbuZeGmdPyfFJ8BjZaRjh,,100,100,100,100,100,100,100,100,100,100
WECEng\\JaP5HvX4GVktwQpCUSGfCC\,WECEng,,JaP5HvX4GVktwQpCUSGfCC,,100,100,100,100,100,100,100,100,100,100
WECEng\\Jcmq7zyzHpGR3HnQQH5v9R\,WECEng,,Jcmq7zyzHpGR3HnQQH5v9R,,83.33,100,90.9,75.51,100,86.04,92.3,46.15,61.53,79.49
WECEng\\JhscnhRZNsYZSm8fU5wkh5\,WECEng,,JhscnhRZNsYZSm8fU5wkh5,,85.71,100,92.3,62.5,100,76.92,85.71,42.85,57.14,75.453
WECEng\\JidnieVYkXS4qn5sUNk5s8\,WECEng,,JidnieVYkXS4qn5sUNk5s8,,100,100,100,100,100,100,100,100,100,100
WECEng\\Jm9pwQW2LtiAsTq4pzwQdH\,WECEng,,Jm9pwQW2LtiAsTq4pzwQdH,,0,0,0,50,100,66.66,66.66,33.33,44.44,37.033
WECEng\\K6X6NrCkmYXSjkfv7DWt69\,WECEng,,K6X6NrCkmYXSjkfv7DWt69,,100,100,100,100,100,100,100,100,100,100
WECEng\\KMnMhXSeXiRM2LR43EGumR\,WECEng,,KMnMhXSeXiRM2LR43EGumR,,50,100,66.66,55.55,100,71.42,80,40,53.33,63.803
WECEng\\Kjx3kY5FJYanbE46ACAmkV\,WECEng,,Kjx3kY5FJYanbE46ACAmkV,,100,100,100,100,100,100,100,100,100,100
WECEng\\KkZAr77Zgb2gVSLCLFV22Y\,WECEng,,KkZAr77Zgb2gVSLCLFV22Y,,0,0,0,50,100,66.66,66.66,33.33,44.44,37.033
WECEng\\KyeDYxhxsdHqehU4UqfWsZ\,WECEng,,KyeDYxhxsdHqehU4UqfWsZ,,0,0,0,50,100,66.66,66.66,33.33,44.44,37.033
WECEng\\KzQGXvD8hFpuQE8qEcxarN\,WECEng,,KzQGXvD8hFpuQE8qEcxarN,,80,100,88.88,68.59,100,81.37,90,30,45,71.75
WECEng\\KzUd9hKP2GvZtNThMpUeEg\,WECEng,,KzUd9hKP2GvZtNThMpUeEg,,72.72,100,84.21,37.49,100,54.54,66.66,16.66,26.66,55.137
WECEng\\L9z83XJLsHKgPgfoprdQdC\,WECEng,,L9z83XJLsHKgPgfoprdQdC,,100,100,100,100,100,100,100,100,100,100
WECEng\\LBjGUbwmWsc6GRp4j2syRr\,WECEng,,LBjGUbwmWsc6GRp4j2syRr,,100,100,100,100,100,100,100,100,100,100
WECEng\\LCtBSSyTfYHMfjaJbBbX8j\,WECEng,,LCtBSSyTfYHMfjaJbBbX8j,,100,100,100,100,100,100,100,100,100,100
WECEng\\LGpPxrcuZS9BRWA2bkoE7n\,WECEng,,LGpPxrcuZS9BRWA2bkoE7n,,100,100,100,100,100,100,100,100,100,100
WECEng\\LTD44AADvvpQE85wvHKT3v\,WECEng,,LTD44AADvvpQE85wvHKT3v,,100,100,100,100,100,100,100,100,100,100
WECEng\\LVkGR2s9H9MgofTNk2wQe4\,WECEng,,LVkGR2s9H9MgofTNk2wQe4,,75,100,85.71,68,100,80.95,88.88,44.44,59.25,75.303
WECEng\\LaopUJ6NvSK9dRd34uGzVm\,WECEng,,LaopUJ6NvSK9dRd34uGzVm,,100,100,100,100,100,100,100,100,100,100
WECEng\\LvncUtUyRqiPzpa6FcwRiJ\,WECEng,,LvncUtUyRqiPzpa6FcwRiJ,,100,100,100,100,100,100,100,100,100,100
WECEng\\M3wcoUnEn4FJMs8bMwfD3F\,WECEng,,M3wcoUnEn4FJMs8bMwfD3F,,90,100,94.73,60.33,100,75.25,84.21,42.1,56.14,75.373
WECEng\\MCVWYzcDtVhiJBHpVt8j9M\,WECEng,,MCVWYzcDtVhiJBHpVt8j9M,,100,100,100,100,100,100,100,100,100,100
WECEng\\MFEEVLi5eD7AKdtepGnxqS\,WECEng,,MFEEVLi5eD7AKdtepGnxqS,,100,100,100,100,100,100,100,100,100,100
WECEng\\MV72j5ASLUVJgARgQsZFHz\,WECEng,,MV72j5ASLUVJgARgQsZFHz,,80,100,88.88,72.22,100,83.87,90.9,45.45,60.6,77.783
WECEng\\MWrQbmjWvKXZxR7u4TB7KB\,WECEng,,MWrQbmjWvKXZxR7u4TB7KB,,100,100,100,100,100,100,100,100,100,100
WECEng\\MY9DzBd8xrKMnPvL2jSHoZ\,WECEng,,MY9DzBd8xrKMnPvL2jSHoZ,,100,100,100,100,100,100,100,100,100,100
WECEng\\MaDyVrEDKH7vTkjNtgAsNJ\,WECEng,,MaDyVrEDKH7vTkjNtgAsNJ,,75,100,85.71,68,100,80.95,88.88,44.44,59.25,75.303
WECEng\\MfvFnvY8Z534QWx5hQG6yp\,WECEng,,MfvFnvY8Z534QWx5hQG6yp,,100,100,100,100,100,100,100,100,100,100
WECEng\\Mkb4zqUqL5r33ZvyoPQJ6k\,WECEng,,Mkb4zqUqL5r33ZvyoPQJ6k,,83.33,100,90.9,75.51,100,86.04,92.3,46.15,61.53,79.49
WECEng\\MnuvFsi6hg8vDAZsDXdb6v\,WECEng,,MnuvFsi6hg8vDAZsDXdb6v,,0,0,0,50,100,66.66,66.66,33.33,44.44,37.033
WECEng\\N2eEoabcuWoK5vy3TkRfb4\,WECEng,,N2eEoabcuWoK5vy3TkRfb4,,100,100,100,100,100,100,100,100,100,100
WECEng\\N4MRvw23m3zrKcpy29Uc62\,WECEng,,N4MRvw23m3zrKcpy29Uc62,,100,100,100,100,100,100,100,100,100,100
WECEng\\NjBQA3qjxGnaWKMz7C9XsP\,WECEng,,NjBQA3qjxGnaWKMz7C9XsP,,100,100,100,100,100,100,100,100,100,100
WECEng\\Nr7ndoxfzTYSKkYRjrScfF\,WECEng,,Nr7ndoxfzTYSKkYRjrScfF,,100,100,100,100,100,100,100,100,100,100
WECEng\\Nv6YE6i5jQ9pEZPFFTrzeE\,WECEng,,Nv6YE6i5jQ9pEZPFFTrzeE,,100,100,100,100,100,100,100,100,100,100
WECEng\\PB6YMaAGbhgtbDziLoc7TW\,WECEng,,PB6YMaAGbhgtbDziLoc7TW,,0,0,0,33.33,100,50,50,16.66,25,25
WECEng\\PTpa5GCfEGaZ6yVe6NZGiw\,WECEng,,PTpa5GCfEGaZ6yVe6NZGiw,,100,100,100,100,100,100,100,100,100,100
WECEng\\PUMYCcVWXgPyNPwK9BMnKK\,WECEng,,PUMYCcVWXgPyNPwK9BMnKK,,100,100,100,100,100,100,100,100,100,100
WECEng\\PnbZxd8dQ6xGL7hVtFm58U\,WECEng,,PnbZxd8dQ6xGL7hVtFm58U,,0,0,0,50,100,66.66,66.66,33.33,44.44,37.033
WECEng\\PrEzLfHqZMgBH2gBd7bPfr\,WECEng,,PrEzLfHqZMgBH2gBd7bPfr,,92.85,100,96.29,60.88,100,75.69,84.61,42.3,56.41,76.13
WECEng\\PuqxxfH9B9vibiXeSJo8Kn\,WECEng,,PuqxxfH9B9vibiXeSJo8Kn,,100,100,100,100,100,100,100,100,100,100
WECEng\\Pwin6thDXoe4HpoMCDz7MF\,WECEng,,Pwin6thDXoe4HpoMCDz7MF,,100,100,100,100,100,100,100,100,100,100
WECEng\\Q2EghA2TGLXjMBDvuKnaXg\,WECEng,,Q2EghA2TGLXjMBDvuKnaXg,,75,100,85.71,40.74,100,57.89,61.53,20.51,30.76,58.12
WECEng\\Q4bHiNWDEHvpDkpFNR2vXk\,WECEng,,Q4bHiNWDEHvpDkpFNR2vXk,,100,100,100,100,100,100,100,100,100,100
WECEng\\Q6jQNMzaXNrn8STJvceq5G\,WECEng,,Q6jQNMzaXNrn8STJvceq5G,,100,100,100,100,100,100,100,100,100,100
WECEng\\QAw7WMWrC5znRTfq8sTxFb\,WECEng,,QAw7WMWrC5znRTfq8sTxFb,,78.94,100,88.23,54.28,100,70.37,91.17,30.39,45.58,68.06
WECEng\\QB5pT48ksh28EmZMZ7oSTL\,WECEng,,QB5pT48ksh28EmZMZ7oSTL,,100,100,100,100,100,100,100,100,100,100
WECEng\\QQEz8JFKYuzcaudbHUhvdt\,WECEng,,QQEz8JFKYuzcaudbHUhvdt,,100,100,100,100,100,100,100,100,100,100
WECEng\\QU4xKL4QW28xghmwQueZKE\,WECEng,,QU4xKL4QW28xghmwQueZKE,,75,100,85.71,51.99,100,68.42,75,37.5,50,68.043
WECEng\\QfK5eufcF2QHnpbMrqGXyR\,WECEng,,QfK5eufcF2QHnpbMrqGXyR,,80,100,88.88,48.76,100,65.55,77.77,25.92,38.88,64.437
WECEng\\QiSgfFSoxj6qG8kuLk6zdd\,WECEng,,QiSgfFSoxj6qG8kuLk6zdd,,80,100,88.88,72.22,100,83.87,90.9,45.45,60.6,77.783
WECEng\\QxDcbsqBZEdpmNabquy6ar\,WECEng,,QxDcbsqBZEdpmNabquy6ar,,100,100,100,100,100,100,100,100,100,100
WECEng\\RSDq2TVVbrLQ7SgzNrDihH\,WECEng,,RSDq2TVVbrLQ7SgzNrDihH,,75,100,85.71,52,100,68.42,75,37.5,50,68.043
WECEng\\RnddLAJCcE7zniDLgHvBkT\,WECEng,,RnddLAJCcE7zniDLgHvBkT,,70,100,82.35,37.19,100,54.21,70.58,17.64,28.23,54.93
WECEng\\S5ww3NejLmhCJfqzbMFW2m\,WECEng,,S5ww3NejLmhCJfqzbMFW2m,,60,100,74.99,49.99,100,66.66,80,26.66,40,60.55
WECEng\\S7vT6oPFT7N5ZYvMHD8Hzy\,WECEng,,S7vT6oPFT7N5ZYvMHD8Hzy,,75,100,85.71,68,100,80.95,88.88,44.44,59.25,75.303
WECEng\\SFrS7GHkaVuPHbJSEJXVb3\,WECEng,,SFrS7GHkaVuPHbJSEJXVb3,,94.73,100,97.29,85.53,100,92.2,96,32,47.99,79.16
WECEng\\SjSDopV5BMX4fvbv49Cbkq\,WECEng,,SjSDopV5BMX4fvbv49Cbkq,,80,100,88.88,72.22,100,83.87,90.9,45.45,60.6,77.783
WECEng\\SkEvnRwTrQdte99fFHtGjD\,WECEng,,SkEvnRwTrQdte99fFHtGjD,,86.95,100,93.02,42.01,100,59.16,73.68,18.42,29.47,60.55
WECEng\\TCC42CvbNzGhMiAvW6v9iP\,WECEng,,TCC42CvbNzGhMiAvW6v9iP,,100,100,100,100,100,100,100,100,100,100
WECEng\\TEzuBmqVtLx4amf7AVxkd8\,WECEng,,TEzuBmqVtLx4amf7AVxkd8,,90,100,94.73,83.47,100,90.99,95.23,47.61,63.49,83.07
WECEng\\THmAwHHeQQ3Acd4tBhgaz5\,WECEng,,THmAwHHeQQ3Acd4tBhgaz5,,100,100,100,100,100,100,100,100,100,100
WECEng\\TPWxSPMwztioUW5detrV6Z\,WECEng,,TPWxSPMwztioUW5detrV6Z,,100,100,100,100,100,100,100,100,100,100
WECEng\\TPdUkjEumHDYgJGXa2357U\,WECEng,,TPdUkjEumHDYgJGXa2357U,,0,0,0,50,100,66.66,66.66,33.33,44.44,37.033
WECEng\\TgA3B9ZhD5PYwr4Q4ZcysP\,WECEng,,TgA3B9ZhD5PYwr4Q4ZcysP,,100,100,100,100,100,100,100,100,100,100
WECEng\\Ts9VBkWcFiSHrdi63eCYQr\,WECEng,,Ts9VBkWcFiSHrdi63eCYQr,,83.33,100,90.9,51.02,100,67.56,72.72,36.36,48.48,68.98
WECEng\\TwiDUoU57hNojSmvSRULa5\,WECEng,,TwiDUoU57hNojSmvSRULa5,,100,100,100,100,100,100,100,100,100,100
WECEng\\U9pM4yJXCVmfXeAfe8dwPc\,WECEng,,U9pM4yJXCVmfXeAfe8dwPc,,100,100,100,100,100,100,100,100,100,100
WECEng\\UKdW3XKfm7oCUwvCMVhZf9\,WECEng,,UKdW3XKfm7oCUwvCMVhZf9,,100,100,100,100,100,100,100,100,100,100
WECEng\\UY2NvpatStEt3RTtofYZVq\,WECEng,,UY2NvpatStEt3RTtofYZVq,,0,0,0,50,100,66.66,66.66,33.33,44.44,37.033
WECEng\\UZDrz2rpxUSWdHpVXJ3hks\,WECEng,,UZDrz2rpxUSWdHpVXJ3hks,,100,100,100,100,100,100,100,100,100,100
WECEng\\UeWWnjnbzHNzrgVrC7odk2\,WECEng,,UeWWnjnbzHNzrgVrC7odk2,,66.66,100,80,62.5,100,76.92,85.71,42.85,57.14,71.353
WECEng\\Un2E2gGrpJ7esZmQNzUu8p\,WECEng,,Un2E2gGrpJ7esZmQNzUu8p,,80,100,88.88,47.1,100,64.04,77.77,25.92,38.88,63.933
WECEng\\UzDcPuaKTrQhKXPLaaczTy\,WECEng,,UzDcPuaKTrQhKXPLaaczTy,,90.9,100,95.23,55.55,100,71.42,80,40,53.33,73.327
WECEng\\V8VoHkvH6nEnpF2maB6oUN\,WECEng,,V8VoHkvH6nEnpF2maB6oUN,,75,100,85.71,68,100,80.95,88.88,44.44,59.25,75.303
WECEng\\VKaUsrjxbV9CRbMhumDt9C\,WECEng,,VKaUsrjxbV9CRbMhumDt9C,,100,100,100,100,100,100,100,100,100,100
WECEng\\VQJkxDReRrTAFN4j7PxNBS\,WECEng,,VQJkxDReRrTAFN4j7PxNBS,,100,100,100,100,100,100,100,100,100,100
WECEng\\VXzTB9meDRGoWnLJ4CkFte\,WECEng,,VXzTB9meDRGoWnLJ4CkFte,,75,100,85.71,68,100,80.95,88.88,44.44,59.25,75.303
WECEng\\VkiZcMF2QjXGBKgmA8FDgE\,WECEng,,VkiZcMF2QjXGBKgmA8FDgE,,50,100,66.66,55.55,100,71.42,80,40,53.33,63.803
WECEng\\Vosx7uXfXME56faepHkGFU\,WECEng,,Vosx7uXfXME56faepHkGFU,,66.66,100,80,55.1,100,71.05,83.33,27.77,41.66,64.237
WECEng\\VtFrLEwCEkHbpyTLB2h2bC\,WECEng,,VtFrLEwCEkHbpyTLB2h2bC,,0,0,0,50,100,66.66,66.66,33.33,44.44,37.033
WECEng\\VtYS4X8FXC8wd6URZ4JZ7S\,WECEng,,VtYS4X8FXC8wd6URZ4JZ7S,,66.66,100,80,62.5,100,76.92,85.71,42.85,57.14,71.353
WECEng\\WKWgxks5eY749DtVsn3M4S\,WECEng,,WKWgxks5eY749DtVsn3M4S,,81.81,100,90,45.83,100,62.85,73.68,24.56,36.84,63.23
WECEng\\Wd9DNhCHs5T8mB8r6feqA7\,WECEng,,Wd9DNhCHs5T8mB8r6feqA7,,100,100,100,100,100,100,100,100,100,100
WECEng\\WfRGTKkTQhvihtUYmi4JFT\,WECEng,,WfRGTKkTQhvihtUYmi4JFT,,100,100,100,100,100,100,100,100,100,100
WECEng\\Wkkeuf2eY6WwoBdvNViFRE\,WECEng,,Wkkeuf2eY6WwoBdvNViFRE,,80,100,88.88,30.46,100,46.7,54.54,13.63,21.81,52.463
WECEng\\XJCA4LWJsUfQ4GEdqwgE2Q\,WECEng,,XJCA4LWJsUfQ4GEdqwgE2Q,,0,0,0,50,100,66.66,66.66,33.33,44.44,37.033
WECEng\\XVMTiX3JLXL4jQAKpnZEEp\,WECEng,,XVMTiX3JLXL4jQAKpnZEEp,,100,100,100,100,100,100,100,100,100,100
WECEng\\XgwFefoNwvCaXgx5Uny6ae\,WECEng,,XgwFefoNwvCaXgx5Uny6ae,,100,100,100,100,100,100,100,100,100,100
WECEng\\XpS6zWLhsWKv7UK2bpungd\,WECEng,,XpS6zWLhsWKv7UK2bpungd,,100,100,100,100,100,100,100,100,100,100
WECEng\\XwVYrRpdnMsZbSfPkTa4wi\,WECEng,,XwVYrRpdnMsZbSfPkTa4wi,,75,100,85.71,68,100,80.95,88.88,44.44,59.25,75.303
WECEng\\Y2oBU2DvjPLBCtdDzzZ4Mu\,WECEng,,Y2oBU2DvjPLBCtdDzzZ4Mu,,92.85,100,96.29,87.55,100,93.36,96.55,48.27,64.36,84.67
WECEng\\Y4ZzFwDiuYseZ75QwuErC6\,WECEng,,Y4ZzFwDiuYseZ75QwuErC6,,80,100,88.88,72.22,100,83.87,90.9,45.45,60.6,77.783
WECEng\\Y9SkDabSa7GfVHQP8kDEvr\,WECEng,,Y9SkDabSa7GfVHQP8kDEvr,,100,100,100,100,100,100,100,100,100,100
WECEng\\YDrQAAjoNWYJWxaZDUTKRL\,WECEng,,YDrQAAjoNWYJWxaZDUTKRL,,100,100,100,100,100,100,100,100,100,100
WECEng\\YGJBsmMrL5GmRjkjM3TVwf\,WECEng,,YGJBsmMrL5GmRjkjM3TVwf,,0,0,0,50,100,66.66,66.66,33.33,44.44,37.033
WECEng\\YQWCTKbqgsVMaqwrHbQ7oS\,WECEng,,YQWCTKbqgsVMaqwrHbQ7oS,,100,100,100,100,100,100,100,100,100,100
WECEng\\YTUvmcVNfUVnpnKXBzrnTZ\,WECEng,,YTUvmcVNfUVnpnKXBzrnTZ,,75,100,85.71,68,100,80.95,88.88,44.44,59.25,75.303
WECEng\\YWBmf7NyrLCEWgDxZLKjPe\,WECEng,,YWBmf7NyrLCEWgDxZLKjPe,,100,100,100,100,100,100,100,100,100,100
WECEng\\YiJjUC8BiFKJKVyyGXxw8M\,WECEng,,YiJjUC8BiFKJKVyyGXxw8M,,88.88,100,94.11,67.99,100,80.95,88.88,44.44,59.25,78.103
WECEng\\YsDTtVmnypWFUsyTWXXXuy\,WECEng,,YsDTtVmnypWFUsyTWXXXuy,,100,100,100,100,100,100,100,100,100,100
WECEng\\YvyinYUU8KH4vXrF7Tnfuq\,WECEng,,YvyinYUU8KH4vXrF7Tnfuq,,100,100,100,100,100,100,100,100,100,100
WECEng\\Z4P3YTP5q86bntVwP3VuXV\,WECEng,,Z4P3YTP5q86bntVwP3VuXV,,100,100,100,100,100,100,100,100,100,100
WECEng\\ZDkWiYmjnF2K3wMuEjHV9r\,WECEng,,ZDkWiYmjnF2K3wMuEjHV9r,,100,100,100,100,100,100,100,100,100,100
WECEng\\ZVqM8b7rEHgUswjEYjp4ta\,WECEng,,ZVqM8b7rEHgUswjEYjp4ta,,50,100,66.66,55.55,100,71.42,80,40,53.33,63.803
WECEng\\ZWc5tnTUQcHkoJWWxgAtEo\,WECEng,,ZWc5tnTUQcHkoJWWxgAtEo,,100,100,100,100,100,100,100,100,100,100
WECEng\\ZXi36jpnw9JVdz6KWToLJE\,WECEng,,ZXi36jpnw9JVdz6KWToLJE,,100,100,100,100,100,100,100,100,100,100
WECEng\\ZZMrH4L2KxvSRq6R3QYHkv\,WECEng,,ZZMrH4L2KxvSRq6R3QYHkv,,100,100,100,100,100,100,100,100,100,100
WECEng\\ZbVjjqwCmVLJUxG47qsJ5Q\,WECEng,,ZbVjjqwCmVLJUxG47qsJ5Q,,100,100,100,100,100,100,100,100,100,100
WECEng\\ZbjHkqr5AEKrJALb5HzCHL\,WECEng,,ZbjHkqr5AEKrJALb5HzCHL,,83.33,100,90.9,75.51,100,86.04,92.3,46.15,61.53,79.49
WECEng\\ZtFBKD3ap99uSeNHvMYw5U\,WECEng,,ZtFBKD3ap99uSeNHvMYw5U,,93.33,100,96.55,72.11,100,83.79,91.22,30.4,45.61,75.317
WECEng\\ZvdDWB6cejWMHoXdKBumtf\,WECEng,,ZvdDWB6cejWMHoXdKBumtf,,0,0,0,50,100,66.66,66.66,33.33,44.44,37.033
WECEng\\Zw72yctTeCZs4fQCQ7N6XW\,WECEng,,Zw72yctTeCZs4fQCQ7N6XW,,100,100,100,100,100,100,100,100,100,100
WECEng\\a2LPLNmSNy5fksWJSA4Tjm\,WECEng,,a2LPLNmSNy5fksWJSA4Tjm,,79.16,100,88.37,44.63,100,61.72,78.04,13,22.29,57.46
WECEng\\a7xr35AWAKWEBEd6cuc5RB\,WECEng,,a7xr35AWAKWEBEd6cuc5RB,,100,100,100,100,100,100,100,100,100,100
WECEng\\aBSAN5uupPeBcGVqViqHM5\,WECEng,,aBSAN5uupPeBcGVqViqHM5,,50,100,66.66,55.55,100,71.42,80,40,53.33,63.803
WECEng\\aFnvYwG97zsgueXDTPFJtE\,WECEng,,aFnvYwG97zsgueXDTPFJtE,,71.42,100,83.33,37.5,100,54.54,66.66,22.22,33.33,57.067
WECEng\\aGyiyAdM8iHapDE3CUqmXp\,WECEng,,aGyiyAdM8iHapDE3CUqmXp,,66.66,100,80,62.5,100,76.92,85.71,42.85,57.14,71.353
WECEng\\aTBRtMS7x3z2Ryhrh7hGjg\,WECEng,,aTBRtMS7x3z2Ryhrh7hGjg,,64.7,100,78.57,35.18,100,52.05,71.42,10.2,17.85,49.49
WECEng\\ac7N8d4tQRA3dHPuAYmHLf\,WECEng,,ac7N8d4tQRA3dHPuAYmHLf,,100,100,100,100,100,100,100,100,100,100
WECEng\\ai2Y4TdtLqxCZUkQi9HYsr\,WECEng,,ai2Y4TdtLqxCZUkQi9HYsr,,50,100,66.66,55.55,100,71.42,80,40,53.33,63.803
WECEng\\aocRuR3tzPYsRF3meJbXJ5\,WECEng,,aocRuR3tzPYsRF3meJbXJ5,,100,100,100,100,100,100,100,100,100,100
WECEng\\aoxWFH5iPStbRn2pnZmGZE\,WECEng,,aoxWFH5iPStbRn2pnZmGZE,,100,100,100,100,100,100,100,100,100,100
WECEng\\atwMHU5HqksXgR3zJEBHv3\,WECEng,,atwMHU5HqksXgR3zJEBHv3,,100,100,100,100,100,100,100,100,100,100
WECEng\\axJxhehjh3ta4TwoLs8mwn\,WECEng,,axJxhehjh3ta4TwoLs8mwn,,100,100,100,100,100,100,100,100,100,100
WECEng\\b8gLoa6YMMDYuJiwPbSvgv\,WECEng,,b8gLoa6YMMDYuJiwPbSvgv,,75,100,85.71,68,100,80.95,88.88,44.44,59.25,75.303
WECEng\\bYoH7PrFntPeYfX9ZwCpXh\,WECEng,,bYoH7PrFntPeYfX9ZwCpXh,,100,100,100,100,100,100,100,100,100,100
WECEng\\boSDKTaEknCZ7KnCrDi992\,WECEng,,boSDKTaEknCZ7KnCrDi992,,75,100,85.71,62.96,100,77.27,87.5,29.16,43.75,68.91
WECEng\\bzSXLMvqkQxuewzL7Jrz97\,WECEng,,bzSXLMvqkQxuewzL7Jrz97,,87.5,100,93.33,80.24,100,89.04,94.11,47.05,62.74,81.703
WECEng\\c2Fh6ADoJpbdCdeu4wRJzg\,WECEng,,c2Fh6ADoJpbdCdeu4wRJzg,,66.66,100,80,42.85,100,60,72.72,24.24,36.36,58.787
WECEng\\cB5XCFrVRQHrHXdk7HVuWE\,WECEng,,cB5XCFrVRQHrHXdk7HVuWE,,80,100,88.88,72.22,100,83.87,90.9,45.45,60.6,77.783
WECEng\\cD35dNxhWqvxXQd5G6UfGC\,WECEng,,cD35dNxhWqvxXQd5G6UfGC,,100,100,100,100,100,100,100,100,100,100
WECEng\\cLAtsSSqCm8P6Pffgo2ww3\,WECEng,,cLAtsSSqCm8P6Pffgo2ww3,,100,100,100,100,100,100,100,100,100,100
WECEng\\cUBJd5nZ23SjJicyJCGwuB\,WECEng,,cUBJd5nZ23SjJicyJCGwuB,,50,100,66.66,30.61,100,46.87,60,15,24,45.843
WECEng\\cy4u9oH7kNCUV3JyqJeybB\,WECEng,,cy4u9oH7kNCUV3JyqJeybB,,80,100,88.88,55.55,100,71.42,80,40,53.33,71.21
WECEng\\cyK3UeD7Fp7mQVSGU4R6YK\,WECEng,,cyK3UeD7Fp7mQVSGU4R6YK,,80.43,100,89.15,38.07,100,55.14,74.66,7.46,13.57,52.62
WECEng\\czNvy32rTXGP4Htn545ZXk\,WECEng,,czNvy32rTXGP4Htn545ZXk,,100,100,100,100,100,100,100,100,100,100
WECEng\\d2ynowH7vD7e8k2zPwn3nh\,WECEng,,d2ynowH7vD7e8k2zPwn3nh,,75,100,85.71,68,100,80.95,88.88,44.44,59.25,75.303
WECEng\\d6VozsumyVv5aMGJYtH9Pa\,WECEng,,d6VozsumyVv5aMGJYtH9Pa,,75,100,85.71,68,100,80.95,88.88,44.44,59.25,75.303
WECEng\\dUXMznuNHb63pcndcbiBst\,WECEng,,dUXMznuNHb63pcndcbiBst,,40,100,57.14,27.77,100,43.47,50,12.5,20,40.203
WECEng\\daYGpZtBnTeJERAwP96CaF\,WECEng,,daYGpZtBnTeJERAwP96CaF,,100,100,100,100,100,100,100,100,100,100
WECEng\\dnkQ5Lad6QGVFPiFheT3Ra\,WECEng,,dnkQ5Lad6QGVFPiFheT3Ra,,100,100,100,100,100,100,100,100,100,100
WECEng\\eBQyb5dE4PKbFiWVtECSFx\,WECEng,,eBQyb5dE4PKbFiWVtECSFx,,66.66,100,80,55.1,100,71.05,83.33,27.77,41.66,64.237
WECEng\\eJgzH9MysDxrfzEFffDaap\,WECEng,,eJgzH9MysDxrfzEFffDaap,,0,0,0,33.33,100,50,50,16.66,25,25
WECEng\\eTXoys4ogRFzj64WxSvohJ\,WECEng,,eTXoys4ogRFzj64WxSvohJ,,91.66,100,95.65,73.96,100,85.03,91.66,45.83,61.11,80.597
WECEng\\ehuxuBXV6MJUFxoRjeHdpF\,WECEng,,ehuxuBXV6MJUFxoRjeHdpF,,100,75,85.71,100,68,80.95,44.44,88.88,59.25,75.303
WECEng\\et8MxSiAbNtBKME69VxuTA\,WECEng,,et8MxSiAbNtBKME69VxuTA,,80,100,88.88,72.22,100,83.87,90.9,45.45,60.6,77.783
WECEng\\eu2yZDJm3MPq6JNtRSrKaJ\,WECEng,,eu2yZDJm3MPq6JNtRSrKaJ,,100,100,100,100,100,100,100,100,100,100
WECEng\\fQCepV5Yaj9oxQvW2ejbay\,WECEng,,fQCepV5Yaj9oxQvW2ejbay,,100,100,100,100,100,100,100,100,100,100
WECEng\\fRSTYEzZrqvWgDJuw8hYyK\,WECEng,,fRSTYEzZrqvWgDJuw8hYyK,,56.52,100,72.22,15.97,100,27.54,45.16,4.1,7.52,35.76
WECEng\\fVs7JyJtYPzqfFgpSpRAaU\,WECEng,,fVs7JyJtYPzqfFgpSpRAaU,,50,100,66.66,38.77,100,55.88,72.72,18.18,29.09,50.543
WECEng\\fbRkCevXKKKALHZspJ5XW2\,WECEng,,fbRkCevXKKKALHZspJ5XW2,,100,100,100,100,100,100,100,100,100,100
WECEng\\fc6FSnSab472UZTiMjLinE\,WECEng,,fc6FSnSab472UZTiMjLinE,,77.77,100,87.5,41.99,100,59.15,66.66,22.22,33.33,59.993
WECEng\\fcog2bX8xdgvyVgKgZijeL\,WECEng,,fcog2bX8xdgvyVgKgZijeL,,0,0,0,50,100,66.66,66.66,33.33,44.44,37.033
WECEng\\fgTFPsFVB26rzCXSHp4FwF\,WECEng,,fgTFPsFVB26rzCXSHp4FwF,,57.14,100,72.72,34.37,100,51.16,66.66,16.66,26.66,50.18
WECEng\\gDuPwiJaptwXUrXfTjbmGo\,WECEng,,gDuPwiJaptwXUrXfTjbmGo,,80,100,88.88,51.56,100,68.04,81.48,20.37,32.59,63.17
WECEng\\gb9cHTMsFomfzrpJqVWi5y\,WECEng,,gb9cHTMsFomfzrpJqVWi5y,,100,100,100,100,100,100,100,100,100,100
WECEng\\h9rJ8tQ7qwSTiZbmH4uksM\,WECEng,,h9rJ8tQ7qwSTiZbmH4uksM,,87.5,100,93.33,80.24,100,89.04,94.11,47.05,62.74,81.703
WECEng\\hndvWAkKXqkkaNaPQJSFxF\,WECEng,,hndvWAkKXqkkaNaPQJSFxF,,100,100,100,100,100,100,100,100,100,100
WECEng\\iMf38FhiiMZ7RuFnAm6YgJ\,WECEng,,iMf38FhiiMZ7RuFnAm6YgJ,,75,100,85.71,68,100,80.95,88.88,44.44,59.25,75.303
WECEng\\iVXTCcKjCQkLk2Ub62b8sE\,WECEng,,iVXTCcKjCQkLk2Ub62b8sE,,90,100,94.73,83.47,100,90.99,95.23,47.61,63.49,83.07
WECEng\\iyDgEMYawuRrdcaDs7Cz9S\,WECEng,,iyDgEMYawuRrdcaDs7Cz9S,,100,100,100,100,100,100,100,100,100,100
WECEng\\j23XXpDVpKZ8M4dgxf8YoK\,WECEng,,j23XXpDVpKZ8M4dgxf8YoK,,100,100,100,100,100,100,100,100,100,100
WECEng\\j83sfVsHKFVDq36KVq4uvM\,WECEng,,j83sfVsHKFVDq36KVq4uvM,,100,100,100,100,100,100,100,100,100,100
WECEng\\jJmdB7DAtq3CfMWYVTpFMH\,WECEng,,jJmdB7DAtq3CfMWYVTpFMH,,75,100,85.71,68,100,80.95,88.88,44.44,59.25,75.303
WECEng\\jNZWtcHAyvT9GhECmWswHb\,WECEng,,jNZWtcHAyvT9GhECmWswHb,,100,100,100,100,100,100,100,100,100,100
WECEng\\jRmWmahxTZ7dyRxTE6JYtH\,WECEng,,jRmWmahxTZ7dyRxTE6JYtH,,100,100,100,100,100,100,100,100,100,100
WECEng\\jUCzQeQqUjLhLxB2JbVykW\,WECEng,,jUCzQeQqUjLhLxB2JbVykW,,83.33,100,90.9,75.51,100,86.04,92.3,46.15,61.53,79.49
WECEng\\jZdpwxHAEPFpuHr5ShNvce\,WECEng,,jZdpwxHAEPFpuHr5ShNvce,,75,100,85.71,68,100,80.95,88.88,44.44,59.25,75.303
WECEng\\jjrHpjujZv7sd9NxhoWdD4\,WECEng,,jjrHpjujZv7sd9NxhoWdD4,,70,100,82.35,45.45,100,62.49,77.77,19.44,31.11,58.65
WECEng\\jovT88cXTTbsFfmFmLKHo8\,WECEng,,jovT88cXTTbsFfmFmLKHo8,,100,100,100,100,100,100,100,100,100,100
WECEng\\jsdQDphnw4CvP2XrbZHS7C\,WECEng,,jsdQDphnw4CvP2XrbZHS7C,,100,100,100,100,100,100,100,100,100,100
WECEng\\juKDd4B7zxgKG2DUjfFtnj\,WECEng,,juKDd4B7zxgKG2DUjfFtnj,,93.33,100,96.55,88.28,100,93.77,96.77,48.38,64.51,84.943
WECEng\\k5zykpZpj7xFrM3rsmZjZZ\,WECEng,,k5zykpZpj7xFrM3rsmZjZZ,,33.33,100,50,37.5,100,54.54,66.66,22.22,33.33,45.957
WECEng\\kDHWXYSdwL8oVSGD7crL6X\,WECEng,,kDHWXYSdwL8oVSGD7crL6X,,100,100,100,100,100,100,100,100,100,100
WECEng\\kHSsEUrR4B7ze2JXwD4uBB\,WECEng,,kHSsEUrR4B7ze2JXwD4uBB,,100,100,100,100,100,100,100,100,100,100
WECEng\\kM8hhxquj752QzbTg8QLpL\,WECEng,,kM8hhxquj752QzbTg8QLpL,,100,100,100,100,100,100,100,100,100,100
WECEng\\kQUVvA2geh5T92XeCo5Zuo\,WECEng,,kQUVvA2geh5T92XeCo5Zuo,,100,100,100,100,100,100,100,100,100,100
WECEng\\keaVzkbWaxeQGvPhhv9iwa\,WECEng,,keaVzkbWaxeQGvPhhv9iwa,,100,100,100,100,100,100,100,100,100,100
WECEng\\kgLJj7axFxkkjMZbiEkABp\,WECEng,,kgLJj7axFxkkjMZbiEkABp,,100,100,100,100,100,100,100,100,100,100
WECEng\\kmB9WGTDVxM6uRoFzkQhHc\,WECEng,,kmB9WGTDVxM6uRoFzkQhHc,,100,100,100,100,100,100,100,100,100,100
WECEng\\kw457wLbKqpU2dJSQY25nK\,WECEng,,kw457wLbKqpU2dJSQY25nK,,80,100,88.88,72.22,100,83.87,90.9,45.45,60.6,77.783
WECEng\\kyh48K5HefhXVR8E72oRpv\,WECEng,,kyh48K5HefhXVR8E72oRpv,,100,100,100,100,100,100,100,100,100,100
WECEng\\mFW79nuMirhG5MWTdBPNaM\,WECEng,,mFW79nuMirhG5MWTdBPNaM,,66.66,100,80,62.5,100,76.92,85.71,42.85,57.14,71.353
WECEng\\mSSvQWX5kc2NkwXZdp5MRb\,WECEng,,mSSvQWX5kc2NkwXZdp5MRb,,100,100,100,100,100,100,100,100,100,100
WECEng\\mVyWjLFUSrZ52NVY4SBaif\,WECEng,,mVyWjLFUSrZ52NVY4SBaif,,83.33,100,90.9,59.18,100,74.35,83.33,41.66,55.55,73.6
WECEng\\maYGREZfwSsWgCBKn3RDzi\,WECEng,,maYGREZfwSsWgCBKn3RDzi,,72.22,100,83.87,43.49,100,60.61,77.41,12.9,22.11,55.53
WECEng\\mzyYE7MNwSkVfX2z3R53Fu\,WECEng,,mzyYE7MNwSkVfX2z3R53Fu,,75,100,85.71,68,100,80.95,88.88,44.44,59.25,75.303
WECEng\\nCnTNg7rebFGqNHRmKRVCM\,WECEng,,nCnTNg7rebFGqNHRmKRVCM,,100,100,100,100,100,100,100,100,100,100
WECEng\\nGNMvFBLigSKjaF86Z4w94\,WECEng,,nGNMvFBLigSKjaF86Z4w94,,100,100,100,100,100,100,100,100,100,100
WECEng\\nHUzRGeQCvkTEJxFRmjoai\,WECEng,,nHUzRGeQCvkTEJxFRmjoai,,57.14,100,72.72,43.75,100,60.86,76.92,19.23,30.76,54.78
WECEng\\njBtHabGyA8zQz8W82QxqA\,WECEng,,njBtHabGyA8zQz8W82QxqA,,100,100,100,100,100,100,100,100,100,100
WECEng\\nuCeiN9s9EsuHsG2R42H46\,WECEng,,nuCeiN9s9EsuHsG2R42H46,,82.6,100,90.47,53.47,100,69.68,82.92,16.58,27.64,62.597
WECEng\\o3gQypYa9u2BCUnEGdfqtY\,WECEng,,o3gQypYa9u2BCUnEGdfqtY,,100,100,100,100,100,100,100,100,100,100
WECEng\\o5TEnAYRURVfQfGLmsW2WH\,WECEng,,o5TEnAYRURVfQfGLmsW2WH,,100,100,100,100,100,100,100,100,100,100
WECEng\\oB2LTF9NMMvD3tX7M4rcvr\,WECEng,,oB2LTF9NMMvD3tX7M4rcvr,,71.42,100,83.33,55.55,100,71.42,84.61,16.92,28.2,60.983
WECEng\\oGb4CPaono4znFdcXXgWY8\,WECEng,,oGb4CPaono4znFdcXXgWY8,,100,100,100,100,100,100,100,100,100,100
WECEng\\oYDJ6KTRizozhRxYXtVber\,WECEng,,oYDJ6KTRizozhRxYXtVber,,100,100,100,100,100,100,100,100,100,100
WECEng\0\\,WECEng,0,,,68.57,80,73.84,51.75,56.82,54.17,53.42,31.16,39.36,55.79
WECEng\1\\,WECEng,1,,,84.89,76.77,80.63,75.72,19.06,30.45,23.51,48.45,31.66,47.58
WECEng\10\\,WECEng,10,,,83.87,83.87,83.87,71.77,41.17,52.32,31.01,31.01,31.01,55.733
WECEng\11\\,WECEng,11,,,81.34,78.98,80.14,67.15,44.12,53.25,29.08,33.93,31.32,54.903
WECEng\12\\,WECEng,12,,,100,100,100,100,100,100,100,100,100,100
WECEng\15\\,WECEng,15,,,70.64,76.23,73.33,58.88,58.32,58.6,35.68,27.53,31.08,54.337
WECEng\16\\,WECEng,16,,,80,92.3,85.71,58.33,83.33,68.62,63.33,38,47.5,67.277
WECEng\17\\,WECEng,17,,,85.45,90.38,87.85,54.84,78.51,64.58,47.3,33.11,38.95,63.793
WECEng\2\\,WECEng,2,,,82.89,78.75,80.76,77.14,49.76,60.49,40.34,48.03,43.85,61.7
WECEng\3\\,WECEng,3,,,82.97,84.78,83.87,63.7,45.42,53.02,33.24,29.55,31.29,56.06
WECEng\4\\,WECEng,4,,,73.68,82.35,77.77,54.35,59.61,56.86,39.47,24.67,30.36,54.997
WECEng\5\\,WECEng,5,,,81.13,82.69,81.9,54.8,33.84,41.84,51.06,43.21,46.81,56.85
WECEng\6\\,WECEng,6,,,94.48,87.26,90.72,87.74,16.34,27.56,10.3,27.97,15.06,44.447
WECEng\8\\,WECEng,8,,,93.2,77.41,84.58,88.8,20.5,33.31,17.73,54.97,26.81,48.233
WECEng\9\\,WECEng,9,,,85.71,85.71,85.71,75.81,34.85,47.75,35.95,35.95,35.95,56.47
WECEng//mean/,WECEng,,mean,,83.57401961,94.11764706,87.65761438,80.09003268,99.64558824,86.45124183,90.01954248,69.41630719,74.94552288,83.01804902
WECEng//mean/,WECEng,,mean,event,83.57401961,94.11764706,87.65761438,80.09003268,99.64558824,86.45124183,90.01954248,69.41630719,74.94552288,83.01804902
WECEng/mean//,WECEng,mean,,,83.25466667,83.832,83.37866667,69.38533333,49.44333333,53.52133333,40.76133333,40.50266667,38.734,58.54466667
WECEng/mean//,WECEng,mean,,event,83.25466667,83.832,83.37866667,69.38533333,49.44333333,53.52133333,40.76133333,40.50266667,38.734,58.54466667
CEREC\\3SxM22Pvq9XXYNKxXwsqkE\,CEREC,,3SxM22Pvq9XXYNKxXwsqkE,,47.36,85.71,61.01,40.2,91.63,55.88,66.12,25.97,37.3,51.397
CEREC\\7etBKwMUp6mf5Y8dhwhevq\,CEREC,,7etBKwMUp6mf5Y8dhwhevq,,55.83,72.04,62.91,26.54,69.63,38.43,62.01,20.15,30.42,43.92
CEREC\\7oP7MSxc6SGq68NXR7DJFC\,CEREC,,7oP7MSxc6SGq68NXR7DJFC,,58.82,90.9,71.42,49.51,93.9,64.83,76.02,28,40.93,59.06
CEREC\\Ag5eqpSKi4eoWFcKYi6JWB\,CEREC,,Ag5eqpSKi4eoWFcKYi6JWB,,50,65.71,56.79,48.56,79.78,60.37,73.64,42.48,53.88,57.013
CEREC\\FCCgWQ5wHJ54x4rBbK9kza\,CEREC,,FCCgWQ5wHJ54x4rBbK9kza,,63.7,87.75,73.81,31.95,83.19,46.17,61.23,18.48,28.39,49.457
CEREC\\FTKLfwnoVCTpVvpBmuUG2f\,CEREC,,FTKLfwnoVCTpVvpBmuUG2f,,59.52,92.59,72.46,34.22,84.76,48.76,63.2,20.11,30.51,50.577
CEREC\\FsKKgk3nfNcwRTqPJCPRYR\,CEREC,,FsKKgk3nfNcwRTqPJCPRYR,,60,100,74.99,52.49,100,68.85,76,34.54,47.5,63.78
CEREC\\GXLQYuchuVBzQajanCgjqU\,CEREC,,GXLQYuchuVBzQajanCgjqU,,63.07,79.61,70.38,42.55,73.55,53.91,62.47,28.04,38.71,54.333
CEREC\\PjVdeyaZsspZxaBW92kSpc\,CEREC,,PjVdeyaZsspZxaBW92kSpc,,70.75,85.22,77.31,37.86,77.71,50.92,59.04,22.39,32.47,53.567
CEREC\\RY5h9UxMWvZh4GjZUhLUNY\,CEREC,,RY5h9UxMWvZh4GjZUhLUNY,,49.01,78.12,60.24,21.13,79.12,33.36,51.63,12.39,19.98,37.86
CEREC\\RaGNWH2D9rEJdX3zpTmbQo\,CEREC,,RaGNWH2D9rEJdX3zpTmbQo,,52.94,76.59,62.6,24.45,76.86,37.1,55.98,16.79,25.84,41.847
CEREC\\SQLLZdE5jXUPEjRcndUY66\,CEREC,,SQLLZdE5jXUPEjRcndUY66,,75.36,92.85,83.2,63.44,92.59,75.29,82.11,39.41,53.26,70.583
CEREC\\V4ThW6ZwrQqXveAfMPhb7u\,CEREC,,V4ThW6ZwrQqXveAfMPhb7u,,71.76,95.31,81.87,37.13,89.6,52.51,66.86,22.98,34.2,56.193
CEREC\\f4sZ68S5PwWFEUqyGZPtv6\,CEREC,,f4sZ68S5PwWFEUqyGZPtv6,,52,86.66,65,53.48,93.13,67.94,73.65,34.89,47.35,60.097
CEREC//mean/,CEREC,,mean,,59.29428571,84.93285714,69.57071429,40.25071429,84.675,53.88,66.42571429,26.18714286,37.19571429,53.54885714
CEREC//mean/,CEREC,,mean,entity,59.29428571,84.93285714,69.57071429,40.25071429,84.675,53.88,66.42571429,26.18714286,37.19571429,53.54885714
HyperCoref\\abcnews_abc_univision\,HyperCoref,,abcnews_abc_univision,,0,0,0,50,100,66.66,66.66,33.33,44.44,37.033
HyperCoref\\abcnews_backtoschool\,HyperCoref,,abcnews_backtoschool,,0,0,0,66.66,100,80,83.33,55.55,66.66,48.887
HyperCoref\\abcnews_blotter\,HyperCoref,,abcnews_blotter,,0,0,0,50,100,66.66,72.38,36.19,48.25,38.303
HyperCoref\\abcnews_business\,HyperCoref,,abcnews_business,,33.33,100,50,65.21,100,78.94,77.27,44.73,56.66,61.867
HyperCoref\\abcnews_culture\,HyperCoref,,abcnews_culture,,0,0,0,60,100,74.99,77.77,46.66,58.33,44.44
HyperCoref\\abcnews_entertainment\,HyperCoref,,abcnews_entertainment,,22.22,100,36.36,56.48,100,72.18,79.25,44.58,57.06,55.2
HyperCoref\\abcnews_globalhealth\,HyperCoref,,abcnews_globalhealth,,0,0,0,50,100,66.66,66.66,33.33,44.44,37.033
HyperCoref\\abcnews_gma\,HyperCoref,,abcnews_gma,,0,0,0,75,100,85.71,88.88,66.66,76.19,53.967
HyperCoref\\abcnews_health\,HyperCoref,,abcnews_health,,66.66,100,80,92.3,100,96,96.66,87.87,92.06,89.353
HyperCoref\\abcnews_international\,HyperCoref,,abcnews_international,,9.09,100,16.66,42.59,100,59.74,63.8,26.27,37.22,37.873
HyperCoref\\abcnews_karaoke_usa\,HyperCoref,,abcnews_karaoke_usa,,0,0,0,20,100,33.33,33.33,6.66,11.11,14.813
HyperCoref\\abcnews_lawpolitics\,HyperCoref,,abcnews_lawpolitics,,0,0,0,33.33,100,50,50,16.66,25,25
HyperCoref\\abcnews_mindmoodnews\,HyperCoref,,abcnews_mindmoodnews,,0,0,0,66.66,100,80,83.33,55.55,66.66,48.887
HyperCoref\\abcnews_mindmoodresourcecenter\,HyperCoref,,abcnews_mindmoodresourcecenter,,0,0,0,66.66,100,80,83.33,55.55,66.66,48.887
HyperCoref\\abcnews_misc\,HyperCoref,,abcnews_misc,,0,0,0,50,100,66.66,66.66,33.33,44.44,37.033
HyperCoref\\abcnews_news\,HyperCoref,,abcnews_news,,0,0,0,69.23,84.61,76.15,66.66,54.54,60,45.383
HyperCoref\\abcnews_otus\,HyperCoref,,abcnews_otus,,0,0,0,55.55,100,71.42,76.66,42.59,54.76,42.06
HyperCoref\\abcnews_politics\,HyperCoref,,abcnews_politics,,17.5,77.77,28.57,56.62,97,71.5,74.12,40.82,52.64,50.903
HyperCoref\\abcnews_swineflunews\,HyperCoref,,abcnews_swineflunews,,0,0,0,50,100,66.66,66.66,33.33,44.44,37.033
HyperCoref\\abcnews_technology\,HyperCoref,,abcnews_technology,,14.28,50,22.22,60,93.33,73.04,72.91,44.87,55.55,50.27
HyperCoref\\abcnews_us\,HyperCoref,,abcnews_us,,9.64,20.75,13.17,46.9,78.55,58.73,66.19,38.53,48.71,40.203
HyperCoref\\abcnews_wellness\,HyperCoref,,abcnews_wellness,,0,0,0,80,100,88.88,91.66,73.33,81.48,56.787
HyperCoref\\abcnews_wn\,HyperCoref,,abcnews_wn,,0,0,0,44.44,100,61.53,62.49,27.77,38.46,33.33
HyperCoref\\abcnews_worldnews\,HyperCoref,,abcnews_worldnews,,0,0,0,50,100,66.66,66.66,33.33,44.44,37.033
HyperCoref\\bbc_american\,HyperCoref,,bbc_american,,0,0,0,50,100,66.66,66.66,33.33,44.44,37.033
HyperCoref\\bbc_athletics\,HyperCoref,,bbc_athletics,,0,0,0,66.66,100,80,83.33,55.55,66.66,48.887
HyperCoref\\bbc_basketball\,HyperCoref,,bbc_basketball,,0,0,0,50,100,66.66,66.66,33.33,44.44,37.033
HyperCoref\\bbc_boxing\,HyperCoref,,bbc_boxing,,15.78,42.85,23.07,54.5,87.38,67.13,70.18,42.11,52.63,47.61
HyperCoref\\bbc_commonwealth\,HyperCoref,,bbc_commonwealth,,16.66,100,28.57,54.54,100,70.58,73.33,36.66,48.88,49.343
HyperCoref\\bbc_cricket\,HyperCoref,,bbc_cricket,,4.54,10.34,6.31,43.85,77.19,55.93,62.91,35.52,45.41,35.883
HyperCoref\\bbc_cycling\,HyperCoref,,bbc_cycling,,60,100,74.99,74.07,100,85.1,86.66,57.77,69.33,76.473
HyperCoref\\bbc_disability\,HyperCoref,,bbc_disability,,0,0,0,55.55,100,71.42,73.33,40.74,52.38,41.267
HyperCoref\\bbc_football\,HyperCoref,,bbc_football,,20.33,21.68,20.99,52.7,51.03,51.85,45.41,41.93,43.6,38.813
HyperCoref\\bbc_formula1\,HyperCoref,,bbc_formula1,,21.42,100,35.29,58.02,100,73.43,72.82,39.44,51.17,53.297
HyperCoref\\bbc_gaelic\,HyperCoref,,bbc_gaelic,,25,100,40,57.14,100,72.72,72.22,36.11,48.14,53.62
HyperCoref\\bbc_get\,HyperCoref,,bbc_get,,0,0,0,50,100,66.66,66.66,33.33,44.44,37.033
HyperCoref\\bbc_golf\,HyperCoref,,bbc_golf,,33.33,33.33,33.33,75,68.75,71.73,80,80,80,61.687
HyperCoref\\bbc_hockey\,HyperCoref,,bbc_hockey,,0,0,0,50,80,61.53,63.33,39.58,48.71,36.747
HyperCoref\\bbc_horse\,HyperCoref,,bbc_horse,,31.57,75,44.44,56.45,93.75,70.47,73.36,39.74,51.55,55.487
HyperCoref\\bbc_motogp\,HyperCoref,,bbc_motogp,,0,0,0,50,100,66.66,66.66,33.33,44.44,37.033
HyperCoref\\bbc_motorsport\,HyperCoref,,bbc_motorsport,,21.42,100,35.29,50.27,100,66.91,73.71,35.1,47.55,49.917
HyperCoref\\bbc_northern\,HyperCoref,,bbc_northern,,0,0,0,66.66,83.33,74.07,79.16,63.33,70.37,48.147
HyperCoref\\bbc_olympics\,HyperCoref,,bbc_olympics,,20,100,33.33,66.66,100,80,83.33,53.03,64.81,59.38
HyperCoref\\bbc_rugby\,HyperCoref,,bbc_rugby,,17.64,23.3,20.08,50.21,62.9,55.84,56.15,42,48.06,41.327
HyperCoref\\bbc_scotland\,HyperCoref,,bbc_scotland,,0,0,0,100,100,100,100,100,100,66.667
HyperCoref\\bbc_snooker\,HyperCoref,,bbc_snooker,,0,0,0,40,100,57.14,58.33,23.33,33.33,30.157
HyperCoref\\bbc_sport\,HyperCoref,,bbc_sport,,0,0,0,62.5,100,76.92,83.33,52.08,64.1,47.007
HyperCoref\\bbc_tennis\,HyperCoref,,bbc_tennis,,28.57,40,33.33,64.28,77.38,70.22,74.04,57.59,64.79,56.113
HyperCoref\\bbc_wales\,HyperCoref,,bbc_wales,,0,0,0,53.33,100,69.56,77.91,41.55,54.2,41.253
HyperCoref\\bbc_weightlifting\,HyperCoref,,bbc_weightlifting,,0,0,0,50,100,66.66,66.66,33.33,44.44,37.033
HyperCoref\\bbc_winter\,HyperCoref,,bbc_winter,,0,0,0,40,100,57.14,58.33,23.33,33.33,30.157
HyperCoref\\abcnews_abc_univision\entity,HyperCoref,,abcnews_abc_univision,entity,0,0,0,50,100,66.66,66.66,33.33,44.44,37.033
HyperCoref\\abcnews_abc_univision\event,HyperCoref,,abcnews_abc_univision,event,0,0,0,50,100,66.66,66.66,33.33,44.44,37.033
HyperCoref\\abcnews_backtoschool\event,HyperCoref,,abcnews_backtoschool,event,0,0,0,50,100,66.66,66.66,33.33,44.44,37.033
HyperCoref\\abcnews_blotter\entity,HyperCoref,,abcnews_blotter,entity,0,0,0,66.66,100,80,83.33,55.55,66.66,48.887
HyperCoref\\abcnews_blotter\event,HyperCoref,,abcnews_blotter,event,0,0,0,37.5,100,54.54,57.77,21.66,31.51,28.683
HyperCoref\\abcnews_business\entity,HyperCoref,,abcnews_business,entity,66.66,100,80,80,100,88.88,83.33,55.55,66.66,78.513
HyperCoref\\abcnews_business\event,HyperCoref,,abcnews_business,event,0,0,0,53.84,100,70,73.8,39.74,51.66,40.553
HyperCoref\\abcnews_culture\entity,HyperCoref,,abcnews_culture,entity,0,0,0,60,100,74.99,77.77,46.66,58.33,44.44
HyperCoref\\abcnews_entertainment\entity,HyperCoref,,abcnews_entertainment,entity,0,0,0,75,100,85.71,88.88,66.66,76.19,53.967
HyperCoref\\abcnews_entertainment\event,HyperCoref,,abcnews_entertainment,event,25,100,40,51.19,100,67.71,74.44,37.22,49.62,52.443
HyperCoref\\abcnews_globalhealth\event,HyperCoref,,abcnews_globalhealth,event,0,0,0,50,100,66.66,66.66,33.33,44.44,37.033
HyperCoref\\abcnews_gma\entity,HyperCoref,,abcnews_gma,entity,0,0,0,100,100,100,100,100,100,66.667
HyperCoref\\abcnews_gma\event,HyperCoref,,abcnews_gma,event,0,0,0,50,100,66.66,66.66,33.33,44.44,37.033
HyperCoref\\abcnews_health\entity,HyperCoref,,abcnews_health,entity,100,100,100,100,100,100,100,100,100,100
HyperCoref\\abcnews_health\event,HyperCoref,,abcnews_health,event,50,100,66.66,83.33,100,90.9,91.66,73.33,81.48,79.68
HyperCoref\\abcnews_international\entity,HyperCoref,,abcnews_international,entity,33.33,100,50,53.33,100,69.56,73.33,36.66,48.88,56.147
HyperCoref\\abcnews_international\event,HyperCoref,,abcnews_international,event,0,0,0,38.46,100,55.55,59.99,23.07,33.33,29.627
HyperCoref\\abcnews_karaoke_usa\event,HyperCoref,,abcnews_karaoke_usa,event,0,0,0,20,100,33.33,33.33,6.66,11.11,14.813
HyperCoref\\abcnews_lawpolitics\event,HyperCoref,,abcnews_lawpolitics,event,0,0,0,33.33,100,50,50,16.66,25,25
HyperCoref\\abcnews_mindmoodnews\event,HyperCoref,,abcnews_mindmoodnews,event,0,0,0,66.66,100,80,83.33,55.55,66.66,48.887
HyperCoref\\abcnews_mindmoodresourcecenter\entity,HyperCoref,,abcnews_mindmoodresourcecenter,entity,0,0,0,66.66,100,80,83.33,55.55,66.66,48.887
HyperCoref\\abcnews_misc\entity,HyperCoref,,abcnews_misc,entity,0,0,0,50,100,66.66,66.66,33.33,44.44,37.033
HyperCoref\\abcnews_news\entity,HyperCoref,,abcnews_news,entity,0,0,0,100,100,100,100,100,100,66.667
HyperCoref\\abcnews_news\event,HyperCoref,,abcnews_news,event,0,0,0,63.63,81.81,71.59,57.14,44.44,50,40.53
HyperCoref\\abcnews_otus\entity,HyperCoref,,abcnews_otus,entity,0,0,0,100,100,100,100,100,100,66.667
HyperCoref\\abcnews_otus\event,HyperCoref,,abcnews_otus,event,0,0,0,42.85,100,60,61.11,26.19,36.66,32.22
HyperCoref\\abcnews_politics\entity,HyperCoref,,abcnews_politics,entity,27.77,100,43.47,63.96,100,78.02,79.64,47.29,59.34,60.277
HyperCoref\\abcnews_politics\event,HyperCoref,,abcnews_politics,event,9.09,100,16.66,50,100,66.66,71.4,34.78,46.78,43.367
HyperCoref\\abcnews_swineflunews\entity,HyperCoref,,abcnews_swineflunews,entity,0,0,0,50,100,66.66,66.66,33.33,44.44,37.033
HyperCoref\\abcnews_technology\entity,HyperCoref,,abcnews_technology,entity,20,100,33.33,55.55,100,71.42,70.83,35.41,47.22,50.657
HyperCoref\\abcnews_technology\event,HyperCoref,,abcnews_technology,event,0,0,0,66.66,100,80,83.33,55.55,66.66,48.887
HyperCoref\\abcnews_us\entity,HyperCoref,,abcnews_us,entity,31.81,77.77,45.16,67.02,95.74,78.84,81.33,53.5,64.55,62.85
HyperCoref\\abcnews_us\event,HyperCoref,,abcnews_us,event,4.34,9.75,6.01,40.67,75.43,52.85,60.04,32.45,42.13,33.663
HyperCoref\\abcnews_wellness\entity,HyperCoref,,abcnews_wellness,entity,0,0,0,75,100,85.71,88.88,66.66,76.19,53.967
HyperCoref\\abcnews_wn\event,HyperCoref,,abcnews_wn,event,0,0,0,44.44,100,61.53,62.49,27.77,38.46,33.33
HyperCoref\\abcnews_worldnews\entity,HyperCoref,,abcnews_worldnews,entity,0,0,0,50,100,66.66,66.66,33.33,44.44,37.033
HyperCoref\\bbc_american\event,HyperCoref,,bbc_american,event,0,0,0,50,100,66.66,66.66,33.33,44.44,37.033
HyperCoref\\bbc_athletics\entity,HyperCoref,,bbc_athletics,entity,0,0,0,60,100,74.99,77.77,46.66,58.33,44.44
HyperCoref\\bbc_athletics\event,HyperCoref,,bbc_athletics,event,0,0,0,71.42,100,83.33,86.66,61.9,72.22,51.85
HyperCoref\\bbc_basketball\event,HyperCoref,,bbc_basketball,event,0,0,0,50,100,66.66,66.66,33.33,44.44,37.033
HyperCoref\\bbc_boxing\entity,HyperCoref,,bbc_boxing,entity,0,0,0,42.85,100,60,61.11,26.19,36.66,32.22
HyperCoref\\bbc_boxing\event,HyperCoref,,bbc_boxing,event,20,42.85,27.27,57.22,84.44,68.21,72,46.95,56.84,50.773
HyperCoref\\bbc_commonwealth\event,HyperCoref,,bbc_commonwealth,event,16.66,100,28.57,49.99,100,66.66,66.66,29.62,41.02,45.417
HyperCoref\\bbc_cricket\entity,HyperCoref,,bbc_cricket,entity,6.25,16.66,9.09,51.61,83.87,63.9,70,42,52.5,41.83
HyperCoref\\bbc_cricket\event,HyperCoref,,bbc_cricket,event,4,11.11,5.88,40.96,80.72,54.34,61.21,31.07,41.22,33.813
HyperCoref\\bbc_cycling\entity,HyperCoref,,bbc_cycling,entity,100,100,100,100,100,100,100,100,100,100
HyperCoref\\bbc_cycling\event,HyperCoref,,bbc_cycling,event,50,100,66.66,66.66,100,80,82.22,49.33,61.66,69.44
HyperCoref\\bbc_disability\entity,HyperCoref,,bbc_disability,entity,0,0,0,50,100,66.66,66.66,33.33,44.44,37.033
HyperCoref\\bbc_disability\event,HyperCoref,,bbc_disability,event,0,0,0,57.14,100,72.72,74.99,42.85,54.54,42.42
HyperCoref\\bbc_football\entity,HyperCoref,,bbc_football,entity,32.87,33.33,33.1,63.66,54.71,58.85,43.4,42.75,43.07,45.007
HyperCoref\\bbc_football\event,HyperCoref,,bbc_football,event,17.08,20,18.42,49.52,54.54,51.91,48.58,40.28,44.04,38.123
HyperCoref\\bbc_formula1\entity,HyperCoref,,bbc_formula1,entity,25,100,40,62.5,100,76.92,74.99,42.85,54.54,57.153
HyperCoref\\bbc_formula1\event,HyperCoref,,bbc_formula1,event,20,100,33.33,56.14,100,71.91,71.85,38.03,49.74,51.66
HyperCoref\\bbc_gaelic\entity,HyperCoref,,bbc_gaelic,entity,0,0,0,33.33,100,50,50,16.66,25,25
HyperCoref\\bbc_gaelic\event,HyperCoref,,bbc_gaelic,event,50,100,66.66,75,100,85.71,83.33,55.55,66.66,73.01
HyperCoref\\bbc_get\entity,HyperCoref,,bbc_get,entity,0,0,0,50,100,66.66,66.66,33.33,44.44,37.033
HyperCoref\\bbc_golf\event,HyperCoref,,bbc_golf,event,33.33,33.33,33.33,71.42,64.28,67.66,75,75,75,58.663
HyperCoref\\bbc_hockey\event,HyperCoref,,bbc_hockey,event,0,0,0,50,80,61.53,63.33,39.58,48.71,36.747
HyperCoref\\bbc_horse\entity,HyperCoref,,bbc_horse,entity,33.33,100,50,66.66,100,80,77.77,46.66,58.33,62.777
HyperCoref\\bbc_horse\event,HyperCoref,,bbc_horse,event,31.25,83.33,45.45,54.1,96.15,69.24,72.04,36.02,48.03,54.24
HyperCoref\\bbc_motogp\entity,HyperCoref,,bbc_motogp,entity,0,0,0,50,100,66.66,66.66,33.33,44.44,37.033
HyperCoref\\bbc_motorsport\entity,HyperCoref,,bbc_motorsport,entity,0,0,0,50,100,66.66,66.66,33.33,44.44,37.033
HyperCoref\\bbc_motorsport\event,HyperCoref,,bbc_motorsport,event,23.07,100,37.5,50.3,100,66.93,74.49,35.28,47.89,50.773
HyperCoref\\bbc_northern\event,HyperCoref,,bbc_northern,event,0,0,0,66.66,83.33,74.07,79.16,63.33,70.37,48.147
HyperCoref\\bbc_olympics\entity,HyperCoref,,bbc_olympics,entity,0,0,0,100,100,100,100,100,100,66.667
HyperCoref\\bbc_olympics\event,HyperCoref,,bbc_olympics,event,20,100,33.33,60,100,74.99,76.66,42.59,54.76,54.36
HyperCoref\\bbc_rugby\entity,HyperCoref,,bbc_rugby,entity,11.11,23.07,15,49.65,79.59,61.16,65.9,40.27,49.99,42.05
HyperCoref\\bbc_rugby\event,HyperCoref,,bbc_rugby,event,19.26,26.58,22.34,50.36,64.79,56.67,56.49,40.5,47.18,42.063
HyperCoref\\bbc_snooker\entity,HyperCoref,,bbc_snooker,entity,0,0,0,50,100,66.66,66.66,33.33,44.44,37.033
HyperCoref\\bbc_snooker\event,HyperCoref,,bbc_snooker,event,0,0,0,33.33,100,50,50,16.66,25,25
HyperCoref\\bbc_sport\entity,HyperCoref,,bbc_sport,entity,0,0,0,66.66,100,80,83.33,55.55,66.66,48.887
HyperCoref\\bbc_sport\event,HyperCoref,,bbc_sport,event,0,0,0,60,100,74.99,83.33,50,62.5,45.83
HyperCoref\\bbc_tennis\entity,HyperCoref,,bbc_tennis,entity,25,100,40,66.66,100,80,79.99,49.99,61.53,60.51
HyperCoref\\bbc_tennis\event,HyperCoref,,bbc_tennis,event,30,42.85,35.29,63.15,77.19,69.47,71.85,53.88,61.58,55.447
HyperCoref\\bbc_wales\event,HyperCoref,,bbc_wales,event,0,0,0,50,100,66.66,74.76,37.38,49.84,38.833
HyperCoref\\bbc_weightlifting\event,HyperCoref,,bbc_weightlifting,event,0,0,0,50,100,66.66,66.66,33.33,44.44,37.033
HyperCoref\\bbc_winter\entity,HyperCoref,,bbc_winter,entity,0,0,0,50,100,66.66,66.66,33.33,44.44,37.033
HyperCoref\\bbc_winter\event,HyperCoref,,bbc_winter,event,0,0,0,37.5,100,54.54,55.55,20.83,30.3,28.28
HyperCoref\ABC_Univision\\,HyperCoref,ABC_Univision,,,0,0,0,43.47,95.65,59.78,64,29.09,40,33.26
HyperCoref\Blotter\\,HyperCoref,Blotter,,,0,0,0,50,100,66.66,72.38,36.19,48.25,38.303
HyperCoref\Business\\,HyperCoref,Business,,,26.66,100,42.1,58.57,100,73.87,74.78,40.5,52.55,56.173
HyperCoref\Entertainment\\,HyperCoref,Entertainment,,,9.09,100,16.66,45.61,100,62.65,70.41,31.29,43.33,40.88
HyperCoref\GMA\\,HyperCoref,GMA,,,22.22,100,36.36,65,100,78.78,80.3,49.07,60.91,58.683
HyperCoref\Health\\,HyperCoref,Health,,,14.28,100,25,58.62,100,73.91,74.44,41.35,53.17,50.693
HyperCoref\International\\,HyperCoref,International,,,9.09,100,16.66,42.59,100,59.74,63.8,26.27,37.22,37.873
HyperCoref\Misc\\,HyperCoref,Misc,,,0,0,0,50,100,66.66,66.66,33.33,44.44,37.033
HyperCoref\News\\,HyperCoref,News,,,0,0,0,66.66,100,80,83.33,55.55,66.66,48.887
HyperCoref\Politics\\,HyperCoref,Politics,,,17.39,72.72,28.07,52.03,95.93,67.47,69.44,35.21,46.72,47.42
HyperCoref\Sport\\,HyperCoref,Sport,,,17.61,17.49,17.55,50.83,46.34,48.48,45.23,45.67,45.45,37.16
HyperCoref\Technology\\,HyperCoref,Technology,,,0,0,0,54.54,90.9,68.18,69.44,41.66,52.08,40.087
HyperCoref\US\\,HyperCoref,US,,,9.48,19.29,12.71,46.16,76.41,57.55,65.05,38.21,48.14,39.467
HyperCoref\WN\\,HyperCoref,WN,,,0,0,0,44.44,100,61.53,62.49,27.77,38.46,33.33
HyperCoref\ABC_Univision\\entity,HyperCoref,ABC_Univision,,entity,0,0,0,44.44,100,61.53,62.5,27.77,38.46,33.33
HyperCoref\ABC_Univision\\event,HyperCoref,ABC_Univision,,event,0,0,0,42.85,92.85,58.64,65,30,41.05,33.23
HyperCoref\Blotter\\entity,HyperCoref,Blotter,,entity,0,0,0,66.66,100,80,83.33,55.55,66.66,48.887
HyperCoref\Blotter\\event,HyperCoref,Blotter,,event,0,0,0,37.5,100,54.54,57.77,21.66,31.51,28.683
HyperCoref\Business\\entity,HyperCoref,Business,,entity,50,100,66.66,64.61,100,78.5,77.77,43.2,55.55,66.903
HyperCoref\Business\\event,HyperCoref,Business,,event,0,0,0,53.33,100,69.56,72.91,38.88,50.72,40.093
HyperCoref\Entertainment\\entity,HyperCoref,Entertainment,,entity,0,0,0,66.66,100,80,83.33,55.55,66.66,48.887
HyperCoref\Entertainment\\event,HyperCoref,Entertainment,,event,10,100,18.18,41.66,100,58.82,66.11,26.44,37.77,38.257
HyperCoref\GMA\\entity,HyperCoref,GMA,,entity,40,100,57.14,75,100,85.71,85.71,60,70.58,71.143
HyperCoref\GMA\\event,HyperCoref,GMA,,event,0,0,0,50,100,66.66,70.83,35.41,47.22,37.96
HyperCoref\Health\\entity,HyperCoref,Health,,entity,12.5,100,22.22,58.82,100,74.07,74.07,41.66,53.33,49.873
HyperCoref\Health\\event,HyperCoref,Health,,event,16.66,100,28.57,58.33,100,73.68,75,40.9,52.94,51.73
HyperCoref\International\\entity,HyperCoref,International,,entity,33.33,100,50,53.33,100,69.56,73.33,36.66,48.88,56.147
HyperCoref\International\\event,HyperCoref,International,,event,0,0,0,38.46,100,55.55,59.99,23.07,33.33,29.627
HyperCoref\Misc\\entity,HyperCoref,Misc,,entity,0,0,0,50,100,66.66,66.66,33.33,44.44,37.033
HyperCoref\News\\event,HyperCoref,News,,event,0,0,0,66.66,100,80,83.33,55.55,66.66,48.887
HyperCoref\Politics\\entity,HyperCoref,Politics,,entity,29.41,83.33,43.47,62.62,96.96,76.1,76.87,45.55,57.2,58.923
HyperCoref\Politics\\event,HyperCoref,Politics,,event,10.34,100,18.75,44.89,100,61.97,65.33,28.4,39.59,40.103
HyperCoref\Sport\\entity,HyperCoref,Sport,,entity,21.33,26.66,23.7,57.23,63.15,60.04,52.95,43.08,47.51,43.75
HyperCoref\Sport\\event,HyperCoref,Sport,,event,16.63,16.96,16.79,48.97,46.56,47.73,45.36,44.14,44.75,36.423
HyperCoref\Technology\\entity,HyperCoref,Technology,,entity,0,0,0,42.85,100,60,61.11,26.19,36.66,32.22
HyperCoref\Technology\\event,HyperCoref,Technology,,event,0,0,0,75,100,85.71,88.88,66.66,76.19,53.967
HyperCoref\US\\entity,HyperCoref,US,,entity,31.81,77.77,45.16,67.02,95.74,78.84,81.33,53.5,64.55,62.85
HyperCoref\US\\event,HyperCoref,US,,event,4.25,8.88,5.75,39.76,72.65,51.39,58.32,31.86,41.21,32.783
HyperCoref\WN\\event,HyperCoref,WN,,event,0,0,0,44.44,100,61.53,62.49,27.77,38.46,33.33
HyperCoref//mean/,HyperCoref,,mean,,9.587843137,27.35333333,13.25490196,56.86313725,94.80784314,69.90372549,71.91745098,43.82686275,53.66392157,45.6074902
HyperCoref//mean/event,HyperCoref,,mean,event,10.07333333,27.85238095,13.88952381,52.70071429,93.87333333,66.25761905,68.25261905,38.92880952,48.83904762,42.99530952
HyperCoref//mean/entity,HyperCoref,,mean,entity,14.25361111,29.18972222,17.75416667,64.63222222,97.60861111,76.26527778,76.70861111,51.7325,60.6025,51.54066667
HyperCoref/mean//,HyperCoref,mean,,,8.987142857,43.53571429,13.93642857,52.03714286,93.23071429,66.09,68.69642857,37.94,48.38428571,42.8035
HyperCoref/mean//event,HyperCoref,mean,,event,4.452307692,25.06461538,6.772307692,49.37307692,93.23538462,63.52153846,67.02461538,36.21076923,46.26153846,38.85176923
HyperCoref/mean//entity,HyperCoref,mean,,entity,18.19833333,48.98,25.69583333,59.10333333,96.32083333,72.58416667,73.24666667,43.50333333,54.20666667,50.82883333
ECBplus\\36ecb\,ECBplus,,36ecb,,72.28,100,83.91,64,100,78.05,82.2,34.93,49.03,70.33
ECBplus\\36ecbplus\,ECBplus,,36ecbplus,,72.03,92.39,80.95,53.89,89.69,67.33,71.01,36.82,48.49,65.59
ECBplus\\37ecb\,ECBplus,,37ecb,,62.16,82.14,70.76,56.92,79.13,66.21,67.01,38.96,49.27,62.08
ECBplus\\37ecbplus\,ECBplus,,37ecbplus,,79.5,92.98,85.71,53.26,90.33,67.01,76.85,38.42,51.23,67.983
ECBplus\\38ecb\,ECBplus,,38ecb,,58.97,85.18,69.69,49.85,82.5,62.15,52.36,26.18,34.91,55.583
ECBplus\\38ecbplus\,ECBplus,,38ecbplus,,76.57,95.5,85,48.9,94.72,64.51,75.07,31.61,44.49,64.667
ECBplus\\39ecb\,ECBplus,,39ecb,,51.51,79.68,62.57,31.65,83.09,45.83,61.73,19.36,29.48,45.96
ECBplus\\39ecbplus\,ECBplus,,39ecbplus,,62.96,83.95,71.95,40.1,83.57,54.2,65.74,26.29,37.56,54.57
ECBplus\\40ecb\,ECBplus,,40ecb,,55.93,97.05,70.96,45.05,98.63,61.85,78.74,28.26,41.6,58.137
ECBplus\\40ecbplus\,ECBplus,,40ecbplus,,71.76,93.84,81.33,53.34,94.11,68.09,78.62,36.12,49.5,66.307
ECBplus\\41ecb\,ECBplus,,41ecb,,64.22,90.8,75.23,47.86,92.33,63.04,73.42,29.36,41.95,60.073
ECBplus\\41ecbplus\,ECBplus,,41ecbplus,,67.93,87.25,76.39,51.02,80.33,62.41,72.29,39.53,51.11,63.303
ECBplus\\42ecb\,ECBplus,,42ecb,,57.31,94,71.21,40.96,94.14,57.09,70.32,19.18,30.14,52.813
ECBplus\\42ecbplus\,ECBplus,,42ecbplus,,76.22,96.87,85.32,60.59,95.45,74.12,76.03,33.06,46.08,68.507
ECBplus\\43ecb\,ECBplus,,43ecb,,71.64,93.2,81.01,33.17,91.16,48.65,64.21,21.86,32.61,54.09
ECBplus\\43ecbplus\,ECBplus,,43ecbplus,,70.19,95.49,80.91,46.29,93.28,61.88,71.93,20.55,31.97,58.253
ECBplus\\44ecb\,ECBplus,,44ecb,,67.01,91.54,77.38,34.51,89.35,49.79,74.89,27.4,40.12,55.763
ECBplus\\44ecbplus\,ECBplus,,44ecbplus,,76.26,96.79,85.31,40.99,95.99,57.44,77.39,24.96,37.75,60.167
ECBplus\\45ecb\,ECBplus,,45ecb,,71.53,88.57,79.14,47.03,80.75,59.44,64.04,30.68,41.49,60.023
ECBplus\\45ecbplus\,ECBplus,,45ecbplus,,88.47,97.72,92.87,59.77,93.44,72.91,79.28,45.51,57.83,74.537
ECBplus\\36ecb\entity,ECBplus,,36ecb,entity,63.46,100,77.64,54.23,100,70.32,77.79,30.11,43.41,63.79
ECBplus\\36ecb\event,ECBplus,,36ecb,event,87.09,100,93.1,81.38,100,89.73,92.81,51.56,66.29,83.04
ECBplus\\36ecbplus\entity,ECBplus,,36ecbplus,entity,65.71,92,76.66,38.49,89.55,53.84,58.87,23.19,33.27,54.59
ECBplus\\36ecbplus\event,ECBplus,,36ecbplus,event,81.25,95.12,87.64,74.18,92.26,82.24,82.47,56.23,66.87,78.917
ECBplus\\37ecb\entity,ECBplus,,37ecb,entity,48.57,85,61.81,43.52,91.3,58.95,71.51,30.25,42.52,54.427
ECBplus\\37ecb\event,ECBplus,,37ecb,event,74.35,80.55,77.33,68.55,68.58,68.56,63.48,52.28,57.34,67.743
ECBplus\\37ecbplus\entity,ECBplus,,37ecbplus,entity,71.95,92.18,80.82,43.77,91.95,59.31,70.46,25.16,37.08,59.07
ECBplus\\37ecbplus\event,ECBplus,,37ecbplus,event,84.74,95.23,89.68,59.63,90.92,72.02,80.74,47.94,60.16,73.953
ECBplus\\38ecb\entity,ECBplus,,38ecb,entity,50,90.9,64.51,39.93,96.15,56.43,62.3,24.92,35.6,52.18
ECBplus\\38ecb\event,ECBplus,,38ecb,event,68.42,81.25,74.28,60.17,68.3,63.98,42.43,28.29,33.94,57.4
ECBplus\\38ecbplus\entity,ECBplus,,38ecbplus,entity,75.92,95.34,84.53,58.93,94.69,72.65,76.23,39.77,52.27,69.817
ECBplus\\38ecbplus\event,ECBplus,,38ecbplus,event,77.19,100,87.12,38.06,100,55.13,73.39,17.26,27.96,56.737
ECBplus\\39ecb\entity,ECBplus,,39ecb,entity,55.26,82.35,66.14,31.83,83.2,46.05,64.79,19.79,30.32,47.503
ECBplus\\39ecb\event,ECBplus,,39ecb,event,39.13,69.23,50,31.07,82.73,45.17,55,18.33,27.49,40.887
ECBplus\\39ecbplus\entity,ECBplus,,39ecbplus,entity,63.29,83.33,71.94,38.42,81.13,52.14,67.95,24.91,36.46,53.513
ECBplus\\39ecbplus\event,ECBplus,,39ecbplus,event,62.06,90,73.46,44.31,92.46,59.91,64.64,28.28,39.34,57.57
ECBplus\\40ecb\entity,ECBplus,,40ecb,entity,66.66,95.65,78.57,57.28,97.61,72.2,87.83,41.6,56.46,69.077
ECBplus\\40ecb\event,ECBplus,,40ecb,event,42.3,100,59.45,28.47,100,44.32,62.38,15.59,24.95,42.907
ECBplus\\40ecbplus\entity,ECBplus,,40ecbplus,entity,74,92.5,82.22,59.8,92.34,72.59,80.83,42.34,55.57,70.127
ECBplus\\40ecbplus\event,ECBplus,,40ecbplus,event,68.57,100,81.35,43.71,100,60.83,74.58,26.32,38.91,60.363
ECBplus\\41ecb\entity,ECBplus,,41ecb,entity,62.35,91.37,74.12,51,92.79,65.82,73.97,29.59,42.27,60.737
ECBplus\\41ecb\event,ECBplus,,41ecb,event,68.42,100,81.25,40.51,100,57.66,74.81,24.93,37.4,58.77
ECBplus\\41ecbplus\entity,ECBplus,,41ecbplus,entity,65.47,82.08,72.84,47.6,73.97,57.93,59.36,31.32,41.01,57.26
ECBplus\\41ecbplus\event,ECBplus,,41ecbplus,event,72.34,100,83.95,56.61,100,72.29,90.83,50.11,64.59,73.61
ECBplus\\42ecb\entity,ECBplus,,42ecb,entity,66.1,95.12,78,44.7,94.02,60.6,74.24,22.84,34.93,57.843
ECBplus\\42ecb\event,ECBplus,,42ecb,event,34.78,100,51.61,31.68,100,48.12,62.5,13.15,21.73,40.487
ECBplus\\42ecbplus\entity,ECBplus,,42ecbplus,entity,80.26,95.31,87.14,56.8,92.49,70.38,70.41,32,44,67.173
ECBplus\\42ecbplus\event,ECBplus,,42ecbplus,event,69.56,100,82.05,66.41,100,79.81,81.66,34.02,48.03,69.963
ECBplus\\43ecb\entity,ECBplus,,43ecb,entity,71.76,92.42,80.79,34.65,90.92,50.18,65.01,23.84,34.88,55.283
ECBplus\\43ecb\event,ECBplus,,43ecb,event,71.42,97.22,82.35,30.55,94.07,46.12,62.44,17.34,27.15,51.873
ECBplus\\43ecbplus\entity,ECBplus,,43ecbplus,entity,75.24,96.2,84.44,52.13,92.57,66.7,70.6,20.49,31.77,60.97
ECBplus\\43ecbplus\event,ECBplus,,43ecbplus,event,60,100,74.99,35.02,100,51.87,74.09,19.21,30.51,52.457
ECBplus\\44ecb\entity,ECBplus,,44ecb,entity,70,93.33,80,36.46,94.14,52.56,80.03,32.01,45.73,59.43
ECBplus\\44ecb\event,ECBplus,,44ecb,event,62.16,92,74.19,31.27,84.7,45.68,64.63,19,29.37,49.747
ECBplus\\44ecbplus\entity,ECBplus,,44ecbplus,entity,77.88,97.59,86.63,33.03,95.99,49.15,73.57,18.39,29.42,55.067
ECBplus\\44ecbplus\event,ECBplus,,44ecbplus,event,74.46,98.59,84.84,49.24,99.06,65.78,79.45,28.69,42.16,64.26
ECBplus\\45ecb\entity,ECBplus,,45ecb,entity,72.72,93.33,81.75,41.65,85.98,56.12,70.11,30.38,42.39,60.087
ECBplus\\45ecb\event,ECBplus,,45ecb,event,69.81,82.22,75.51,54.71,73.28,62.64,56.15,31.19,40.1,59.417
ECBplus\\45ecbplus\entity,ECBplus,,45ecbplus,entity,85.07,98.27,91.2,51.21,95.32,66.62,75.72,31.75,44.74,67.52
ECBplus\\45ecbplus\event,ECBplus,,45ecbplus,event,92.66,97.11,94.83,69.69,91.26,79.03,81.85,64.06,71.87,81.91
ECBplus\36\\,ECBplus,36,,,72.27,92.4,81.11,57.74,86.81,69.35,71.29,35.64,47.53,65.997
ECBplus\37\\,ECBplus,37,,,74.72,82.8,78.55,53.6,67.41,59.72,59.72,39.05,47.22,61.83
ECBplus\38\\,ECBplus,38,,,72.54,84.09,77.89,47.61,72.77,57.56,57.62,31.31,40.58,58.677
ECBplus\39\\,ECBplus,39,,,61.5,77.51,68.58,34.44,71.59,46.51,56.23,21.87,31.49,48.86
ECBplus\40\\,ECBplus,40,,,67.34,86.84,75.86,49.2,80.46,61.06,70.9,32.54,44.61,60.51
ECBplus\41\\,ECBplus,41,,,66.14,81.95,73.2,49.53,74.38,59.47,68.6,37.47,48.47,60.38
ECBplus\42\\,ECBplus,42,,,70.67,90.74,79.45,51,86.57,64.19,63.98,24.21,35.13,59.59
ECBplus\43\\,ECBplus,43,,,73.17,90.51,80.92,39.47,83.18,53.54,63.02,22.24,32.88,55.78
ECBplus\44\\,ECBplus,44,,,74.66,90.94,82,38.56,84.23,52.9,72.89,28.48,40.96,58.62
ECBplus\45\\,ECBplus,45,,,82.57,90.85,86.51,55.21,76,63.95,63.06,38.69,47.96,66.14
ECBplus\36\\entity,ECBplus,36,,entity,65.04,90.9,75.82,44.9,86.98,59.23,67.13,27.3,38.82,57.957
ECBplus\36\\event,ECBplus,36,,event,83.54,95.65,89.18,76.8,90.03,82.89,81.53,54.35,65.22,79.097
ECBplus\37\\entity,ECBplus,37,,entity,65.54,79.59,71.88,43.09,70.44,53.47,56,26.6,36.06,53.803
ECBplus\37\\event,ECBplus,37,,event,81.64,86,83.76,61.24,66.47,63.75,62.29,49.83,55.36,67.623
ECBplus\38\\entity,ECBplus,38,,entity,70.12,85.71,77.14,50.54,82.38,62.64,69.57,35.98,47.43,62.403
ECBplus\38\\event,ECBplus,38,,event,75,85.07,79.72,44.48,66.15,53.2,40.24,21.18,27.75,53.557
ECBplus\39\\entity,ECBplus,39,,entity,64.59,81.88,72.22,32.97,75.16,45.84,64.99,20.79,31.51,49.857
ECBplus\39\\event,ECBplus,39,,event,51.92,67.5,58.69,38.52,66.88,48.88,50.74,25.37,33.83,47.133
ECBplus\40\\entity,ECBplus,40,,entity,74.41,88.88,81.01,57.62,82.36,67.8,75.85,41.59,53.72,67.51
ECBplus\40\\event,ECBplus,40,,event,57.37,85.36,68.62,37.15,80.53,50.85,65.32,23.17,34.21,51.227
ECBplus\41\\entity,ECBplus,41,,entity,63.9,81.2,71.52,49.3,74.78,59.42,61.57,31.2,41.42,57.453
ECBplus\41\\event,ECBplus,41,,event,70.58,88.23,78.43,49.99,82.12,62.15,83.8,47.27,60.44,67.007
ECBplus\42\\entity,ECBplus,42,,entity,76.97,92.24,83.92,48.77,88.01,62.76,58.85,22.26,32.31,59.663
ECBplus\42\\event,ECBplus,42,,event,57.97,88.88,70.17,55.11,85.99,67.17,69.12,25.46,37.22,58.187
ECBplus\43\\entity,ECBplus,43,,entity,77.12,93.54,84.54,43.04,89.87,58.21,66.15,23.34,34.51,59.087
ECBplus\43\\event,ECBplus,43,,event,65.65,87.83,75.14,32.85,74.94,45.67,58.59,19,28.7,49.837
ECBplus\44\\entity,ECBplus,44,,entity,77.57,95.52,85.61,33.94,92.59,49.67,78.18,26.61,39.71,58.33
ECBplus\44\\event,ECBplus,44,,event,70.99,87.73,78.48,44.18,78.27,56.48,70.58,29.54,41.65,58.87
ECBplus\45\\entity,ECBplus,45,,entity,80.56,93.4,86.51,47.58,84.82,60.96,69.91,33.05,44.88,64.117
ECBplus\45\\event,ECBplus,45,,event,85.18,87.89,86.52,64.72,65,64.86,56.7,48.11,52.05,67.81
ECBplus//mean/,ECBplus,,mean,,68.7225,91.747,78.38,47.9575,90.0995,62.1,71.6565,30.452,42.3305,60.9368
ECBplus//mean/event,ECBplus,,mean,event,68.0355,93.926,77.949,49.761,91.881,62.5445,71.0165,32.189,42.808,61.10055
ECBplus//mean/entity,ECBplus,,mean,entity,68.0835,92.2135,78.0875,45.7715,91.3055,60.527,71.579,28.7325,40.705,59.7732
ECBplus/mean//,ECBplus,mean,,,71.558,86.863,78.407,47.636,78.34,58.825,64.731,31.15,41.683,59.6384
ECBplus/mean//event,ECBplus,mean,,event,69.984,86.014,76.871,50.504,75.638,59.59,63.891,34.328,43.643,60.0348
ECBplus/mean//entity,ECBplus,mean,,entity,71.582,88.286,79.017,45.175,82.739,58,66.82,28.872,40.037,59.018
ECBplusMETAm\\36ecb\,ECBplusMETAm,,36ecb,,50,88.63,63.93,46.63,93.28,62.18,70.7,23.56,35.35,53.82
ECBplusMETAm\\36ecbplus\,ECBplusMETAm,,36ecbplus,,46.9,80.3,59.21,35.43,87.27,50.4,61.95,22.6,33.12,47.577
ECBplusMETAm\\37ecb\,ECBplusMETAm,,37ecb,,26.38,70.37,38.38,34.35,89.4,49.63,61.79,21.49,31.89,39.967
ECBplusMETAm\\37ecbplus\,ECBplusMETAm,,37ecbplus,,45.17,81.65,58.16,27.69,87.49,42.06,56.23,13.93,22.33,40.85
ECBplusMETAm\\38ecb\,ECBplusMETAm,,38ecb,,36.84,77.77,50,36.23,90,51.66,61.01,22.87,33.27,44.977
ECBplusMETAm\\38ecbplus\,ECBplusMETAm,,38ecbplus,,55.55,92.3,69.36,37.37,92.24,53.19,65.02,17.63,27.74,50.097
ECBplusMETAm\\39ecb\,ECBplusMETAm,,39ecb,,46.39,83.33,59.6,28.22,86.8,42.59,57.15,14.78,23.48,41.89
ECBplusMETAm\\39ecbplus\,ECBplusMETAm,,39ecbplus,,53.27,81.42,64.4,34.01,82.65,48.19,64.73,21.18,31.92,48.17
ECBplusMETAm\\40ecb\,ECBplusMETAm,,40ecb,,39.34,92.3,55.17,36.02,97.33,52.58,70.14,20.04,31.17,46.307
ECBplusMETAm\\40ecbplus\,ECBplusMETAm,,40ecbplus,,56.62,90.38,69.62,41.79,90.66,57.21,68.49,23.31,34.79,53.873
ECBplusMETAm\\41ecb\,ECBplusMETAm,,41ecb,,50.4,87.32,63.91,40.79,90.51,56.24,68.04,20.86,31.93,50.693
ECBplusMETAm\\41ecbplus\,ECBplusMETAm,,41ecbplus,,52.45,84.21,64.64,45.49,85,59.26,63.68,27.06,37.98,53.96
ECBplusMETAm\\42ecb\,ECBplusMETAm,,42ecb,,48.78,90.9,63.49,35.47,93.26,51.39,61.85,14.84,23.94,46.273
ECBplusMETAm\\42ecbplus\,ECBplusMETAm,,42ecbplus,,57.85,94.59,71.79,40.89,96.03,57.36,64.5,18.57,28.83,52.66
ECBplusMETAm\\43ecb\,ECBplusMETAm,,43ecb,,53.33,92.3,67.6,27.04,92.63,41.86,59.74,13.09,21.48,43.647
ECBplusMETAm\\43ecbplus\,ECBplusMETAm,,43ecbplus,,55.4,92.13,69.19,39.41,92.19,55.21,59.9,12.78,21.06,48.487
ECBplusMETAm\\44ecb\,ECBplusMETAm,,44ecb,,47.31,89.79,61.97,25.89,92.45,40.46,62.71,14.3,23.29,41.907
ECBplusMETAm\\44ecbplus\,ECBplusMETAm,,44ecbplus,,51.3,92.45,65.99,25.41,94.6,40.06,56.35,10.29,17.4,41.15
ECBplusMETAm\\45ecb\,ECBplusMETAm,,45ecb,,48.41,79.22,60.09,31.51,82.57,45.62,55.29,16.58,25.52,43.743
ECBplusMETAm\\45ecbplus\,ECBplusMETAm,,45ecbplus,,58.97,88.46,70.76,39.66,90.74,55.2,65.52,18.2,28.49,51.483
ECBplusMETAm\\36ecb\entity,ECBplusMETAm,,36ecb,entity,74.46,100,85.36,64.74,100,78.59,84.07,42.03,56.04,73.33
ECBplusMETAm\\36ecb\event,ECBplusMETAm,,36ecb,event,12.9,57.14,21.05,16.97,91.66,28.64,41.69,7.18,12.26,20.65
ECBplusMETAm\\36ecbplus\entity,ECBplusMETAm,,36ecbplus,entity,66.15,93.47,77.47,39.07,92.2,54.89,64.4,24.93,35.94,56.1
ECBplusMETAm\\36ecbplus\event,ECBplusMETAm,,36ecbplus,event,20.83,50,29.41,30.97,81.25,44.85,59.98,20.92,31.02,35.093
ECBplusMETAm\\37ecb\entity,ECBplusMETAm,,37ecb,entity,36.36,80,50,38.07,91.86,53.83,66.69,23.81,35.1,46.31
ECBplusMETAm\\37ecb\event,ECBplusMETAm,,37ecb,event,17.94,63.63,28,31.34,89.3,46.39,58.28,19.42,29.14,34.51
ECBplusMETAm\\37ecbplus\entity,ECBplusMETAm,,37ecbplus,entity,72.15,91.93,80.85,41.15,92.58,56.98,70.6,26.14,38.16,58.663
ECBplusMETAm\\37ecbplus\event,ECBplusMETAm,,37ecbplus,event,27.11,71.11,39.26,18.94,86.86,31.1,50.66,10.46,17.34,29.233
ECBplusMETAm\\38ecb\entity,ECBplusMETAm,,38ecb,entity,52.63,90.9,66.66,42.6,94.66,58.75,63.69,27.29,38.21,54.54
ECBplusMETAm\\38ecb\event,ECBplusMETAm,,38ecb,event,21.05,57.14,30.76,29.86,85.33,44.24,58.33,19.44,29.16,34.72
ECBplusMETAm\\38ecbplus\entity,ECBplusMETAm,,38ecbplus,entity,73.07,90.47,80.85,57.39,86.84,69.11,72.12,39.33,50.9,66.953
ECBplusMETAm\\38ecbplus\event,ECBplusMETAm,,38ecbplus,event,39.28,100,56.41,16.01,100,27.61,45.5,4.79,8.66,30.893
ECBplusMETAm\\39ecb\entity,ECBplusMETAm,,39ecb,entity,55.4,85.41,67.21,30.2,85.18,44.59,63.15,17.54,27.45,46.417
ECBplusMETAm\\39ecb\event,ECBplusMETAm,,39ecb,event,17.39,66.66,27.58,22.26,91.66,35.82,45.14,10.25,16.71,26.703
ECBplusMETAm\\39ecbplus\entity,ECBplusMETAm,,39ecbplus,entity,62.82,83.05,71.53,36.37,79.2,49.85,67.22,24.64,36.07,52.483
ECBplusMETAm\\39ecbplus\event,ECBplusMETAm,,39ecbplus,event,27.58,80,41.02,28.15,94.44,43.38,60.81,16.37,25.8,36.733
ECBplusMETAm\\40ecb\entity,ECBplusMETAm,,40ecb,entity,60,95.45,73.68,48.63,97.72,64.94,86.03,35.19,49.95,62.857
ECBplusMETAm\\40ecb\event,ECBplusMETAm,,40ecb,event,11.53,75,19.99,18.11,96.77,30.51,41.54,7.69,12.98,21.16
ECBplusMETAm\\40ecbplus\entity,ECBplusMETAm,,40ecbplus,entity,77.08,92.5,84.09,56,91.95,69.61,81.65,45.36,58.32,70.673
ECBplusMETAm\\40ecbplus\event,ECBplusMETAm,,40ecbplus,event,28.57,100,44.44,21.68,100,35.63,51.44,9.95,16.68,32.25
ECBplusMETAm\\41ecb\entity,ECBplusMETAm,,41ecb,entity,62.35,91.37,74.12,50.09,92.14,64.9,74.49,28.78,41.52,60.18
ECBplusMETAm\\41ecb\event,ECBplusMETAm,,41ecb,event,23.68,81.81,36.73,19.23,92.72,31.85,50.95,9.26,15.67,28.083
ECBplusMETAm\\41ecbplus\entity,ECBplusMETAm,,41ecbplus,entity,68,87.93,76.69,53.95,83.01,65.4,64.11,32.97,43.54,61.877
ECBplusMETAm\\41ecbplus\event,ECBplusMETAm,,41ecbplus,event,27.65,72.22,40,32.99,87.93,47.98,63.19,22.46,33.15,40.377
ECBplusMETAm\\42ecb\entity,ECBplusMETAm,,42ecb,entity,66.1,95.12,78,43.46,94.02,59.44,73.81,22.71,34.73,57.39
ECBplusMETAm\\42ecb\event,ECBplusMETAm,,42ecb,event,4.34,50,8,15.63,96.29,26.9,37.93,6.06,10.46,15.12
ECBplusMETAm\\42ecbplus\entity,ECBplusMETAm,,42ecbplus,entity,78.66,96.72,86.76,51.46,96.17,67.04,82.9,32.44,46.63,66.81
ECBplusMETAm\\42ecbplus\event,ECBplusMETAm,,42ecbplus,event,23.91,84.61,37.28,25.03,95.83,39.69,47.94,11.15,18.09,31.687
ECBplusMETAm\\43ecb\entity,ECBplusMETAm,,43ecb,entity,72.09,92.53,81.04,35.05,91.01,50.61,65.26,23.93,35.02,55.557
ECBplusMETAm\\43ecb\event,ECBplusMETAm,,43ecb,event,20.4,90.9,33.33,12.65,95.55,22.34,47.6,5.53,9.91,21.86
ECBplusMETAm\\43ecbplus\entity,ECBplusMETAm,,43ecbplus,entity,74.48,96.05,83.9,51.11,93.18,66.01,67.83,19.69,30.52,60.143
ECBplusMETAm\\43ecbplus\event,ECBplusMETAm,,43ecbplus,event,18,75,29.03,17.44,92.1,29.33,49.71,7.73,13.38,23.913
ECBplusMETAm\\44ecb\entity,ECBplusMETAm,,44ecb,entity,64.28,92.3,75.78,32.19,93.75,47.93,71.16,22.77,34.5,52.737
ECBplusMETAm\\44ecb\event,ECBplusMETAm,,44ecb,event,21.62,80,34.04,16.3,90.47,27.63,49.19,7.68,13.29,24.987
ECBplusMETAm\\44ecbplus\entity,ECBplusMETAm,,44ecbplus,entity,77.31,98.68,86.7,33.13,97.08,49.4,73.71,16.38,26.8,54.3
ECBplusMETAm\\44ecbplus\event,ECBplusMETAm,,44ecbplus,event,24.46,79.31,37.39,17.99,93.14,30.15,48.34,8.05,13.81,27.117
ECBplusMETAm\\45ecb\entity,ECBplusMETAm,,45ecb,entity,74.32,94.82,83.33,41.19,86.84,55.88,72.03,29.34,41.7,60.303
ECBplusMETAm\\45ecb\event,ECBplusMETAm,,45ecb,event,11.53,31.57,16.9,18.26,76.72,29.49,36.88,8.57,13.91,20.1
ECBplusMETAm\\45ecbplus\entity,ECBplusMETAm,,45ecbplus,entity,87.2,100,93.16,57.52,100,73.03,87.11,37.33,52.26,72.817
ECBplusMETAm\\45ecbplus\event,ECBplusMETAm,,45ecbplus,event,26.6,63.04,37.41,20.4,83.54,32.79,54.44,12.09,19.79,29.997
ECBplusMETAm\36\\,ECBplusMETAm,36,,,48.43,79.48,60.19,39.68,84.4,53.98,64.79,23.61,34.6,49.59
ECBplusMETAm\37\\,ECBplusMETAm,37,,,40.44,65.47,50,29.06,72.79,41.54,51.22,16.63,25.1,38.88
ECBplusMETAm\38\\,ECBplusMETAm,38,,,51,76,61.04,34.98,76.47,48.01,55.03,18.59,27.79,45.613
ECBplusMETAm\39\\,ECBplusMETAm,39,,,54.76,78.76,64.6,29.86,76.13,42.89,58.95,17.49,26.97,44.82
ECBplusMETAm\40\\,ECBplusMETAm,40,,,52.38,83.69,64.43,38.66,83.4,52.83,62.36,20.53,30.89,49.383
ECBplusMETAm\41\\,ECBplusMETAm,41,,,51.42,79.74,62.53,43.22,79.84,56.08,61.9,24.5,35.1,51.237
ECBplusMETAm\42\\,ECBplusMETAm,42,,,56.79,87.31,68.82,36.89,89.1,52.17,52.77,14.77,23.08,48.023
ECBplusMETAm\43\\,ECBplusMETAm,43,,,56.84,87.09,68.78,32.97,87.78,47.93,58.03,13.49,21.89,46.2
ECBplusMETAm\44\\,ECBplusMETAm,44,,,51.57,86.98,64.75,25.31,89.11,39.42,58.36,12.3,20.33,41.5
ECBplusMETAm\45\\,ECBplusMETAm,45,,,55.27,78.03,64.71,36.75,78.85,50.13,59.23,19.36,29.18,48.007
ECBplusMETAm\36\\entity,ECBplusMETAm,36,,entity,69.91,91.86,79.39,49.73,87.89,63.52,73.65,33.87,46.4,63.103
ECBplusMETAm\36\\event,ECBplusMETAm,36,,event,17.72,48.27,25.92,25.88,82.82,39.44,55.31,15.8,24.58,29.98
ECBplusMETAm\37\\entity,ECBplusMETAm,37,,entity,62.28,78.88,69.6,39.51,72.33,51.11,56.18,24.07,33.71,51.473
ECBplusMETAm\37\\event,ECBplusMETAm,37,,event,24.68,52,33.47,21.8,75.6,33.85,49.36,13.73,21.49,29.603
ECBplusMETAm\38\\entity,ECBplusMETAm,38,,entity,67.56,81.96,74.07,49.21,75.58,59.61,63.69,34.12,44.43,59.37
ECBplusMETAm\38\\event,ECBplusMETAm,38,,event,34.66,68.42,46.01,20.09,78.9,32.02,42.59,9.06,14.94,30.99
ECBplusMETAm\39\\entity,ECBplusMETAm,39,,entity,65.18,83.73,73.3,31.44,74.63,44.24,63.04,18.91,29.09,48.877
ECBplusMETAm\39\\event,ECBplusMETAm,39,,event,23.07,57.14,32.87,25.57,84.16,39.23,53.83,15.02,23.49,31.863
ECBplusMETAm\40\\entity,ECBplusMETAm,40,,entity,74.41,88.88,81.01,51.73,82.28,63.53,75.14,40.07,52.27,65.603
ECBplusMETAm\40\\event,ECBplusMETAm,40,,event,21.31,72.22,32.91,20.14,91.13,32.99,46.22,9.41,15.64,27.18
ECBplusMETAm\41\\entity,ECBplusMETAm,41,,entity,65,85.24,73.75,51.93,80.75,63.21,64.56,30.95,41.85,59.603
ECBplusMETAm\41\\event,ECBplusMETAm,41,,event,25.88,64.7,36.97,27.33,80.36,40.79,57.77,17.41,26.75,34.837
ECBplusMETAm\42\\entity,ECBplusMETAm,42,,entity,76.64,92.92,84,45.09,90.35,60.15,61.43,22.63,33.08,59.077
ECBplusMETAm\42\\event,ECBplusMETAm,42,,event,17.39,60,26.96,21.97,88.43,35.2,44.1,9.8,16.03,26.063
ECBplusMETAm\43\\entity,ECBplusMETAm,43,,entity,76.88,94.07,84.61,42.68,90.97,58.11,64.88,22.46,33.37,58.697
ECBplusMETAm\43\\event,ECBplusMETAm,43,,event,19.19,61.29,29.23,15.11,84.63,25.64,47.75,7.16,12.45,22.44
ECBplusMETAm\44\\entity,ECBplusMETAm,44,,entity,75.32,95.86,84.36,32.26,93.37,47.95,72.89,20.6,32.12,54.81
ECBplusMETAm\44\\event,ECBplusMETAm,44,,event,23.66,65.95,34.83,17.51,85.01,29.04,47.87,8.44,14.36,26.077
ECBplusMETAm\45\\entity,ECBplusMETAm,45,,entity,82.41,94.79,88.17,51.27,87.78,64.73,76.81,36.05,49.07,67.323
ECBplusMETAm\45\\event,ECBplusMETAm,45,,event,21.73,43.75,29.04,19.7,70.79,30.82,47.17,12.11,19.28,26.38
ECBplusMETAm//mean/,ECBplusMETAm,,mean,,49.033,86.491,62.363,35.465,90.355,50.6175,62.7395,18.398,28.249,47.07655
ECBplusMETAm//mean/event,ECBplusMETAm,,mean,event,21.3185,71.457,32.4015,21.5105,91.078,34.316,49.977,11.2525,18.0605,28.2593
ECBplusMETAm//mean/entity,ECBplusMETAm,,mean,entity,67.7455,92.435,77.859,45.1685,91.9695,60.039,72.6015,28.63,40.668,59.522
ECBplusMETAm/mean//,ECBplusMETAm,mean,,,51.89,80.255,62.985,34.738,81.787,48.498,58.264,18.127,27.493,46.3253
ECBplusMETAm/mean//event,ECBplusMETAm,mean,,event,22.929,59.374,32.821,21.51,82.183,33.902,49.197,11.794,18.901,28.5413
ECBplusMETAm/mean//entity,ECBplusMETAm,mean,,entity,71.559,88.819,79.226,44.485,83.593,57.616,67.227,28.373,39.539,58.7936
